id,btc_a,cc_t,cc_n
1,1wjtPamAZeGhRnZfhBAHHHjNvnHefd2V2,visa-electron,4175006996999270
2,1Js9BA1rV31hJFmN25rh8HWfrrYLXAyw9T,jcb,3587679584356527
3,1CoG9ciLQVQCnia5oXfXPSag4DQ4iYeSpd,diners-club-enroute,201876885481838
4,1GNvinVKGzPBVNZScNA2jKnDSBs4R7Y3rY,switch,564182038040530730
5,1DHTzZ7ypu3EzWtLBFiWoRo9svd1STMyrg,jcb,3555559025151828
6,1LWktvit3XBCJNrsji7rWj2qEa5XAmyJiC,jcb,3580083825272493
7,1J71SRGqUjhqPuHaZaG8wEtKdNRaKUiuzm,switch,491193585665108260
8,1Q5FAwgXbhRxP1uYpgwXMY67zFzUDkwutW,mastercard,5100174550682620
9,1QKy8RoeWR48nrwknBDZKfmetv1SGoAHX4,diners-club-carte-blanche,30343863921001
10,1NRDQBCtuDqm8QomrbSUyh2tGDRqoj3DU8,diners-club-carte-blanche,30559612937267
11,1HcqQ5Ys77sJm3ZJvxEAPLjCzB8LXVBTHU,visa,4937793997478
12,1EncEr6Vd5ywk96une6ZuWZN1yn3gBGZX9,jcb,3569513122126013
13,14bMXV3h1S6KxGHdeNB9Bz4mmzCZJdRvk5,jcb,3537645802098952
14,1Gi1ZJsBDqCztVjtcKsbH54Q3jCEDJh37N,bankcard,5602232103395992
15,1GnNjsnbBTw6w9WHnZ8apuxZZcqkhycT9a,jcb,3558941392668773
16,17y4HG6vY9wDZmeu53rK3pAKS8ErtaTsQC,jcb,3579496825654275
17,14reD6Z1kUjg8QC5Yaz199gYyXbm4QdFTo,jcb,3563252716889142
18,1ErM8yuF3ytzzxLy1uPvQuRveLBygxN15x,china-unionpay,56022230876188334
19,1FeH4KecDLZYXEcAut4Dj4ciojsBEB1pDb,mastercard,5100176279014886
20,14iPptCE59bQXGoczEsSkk4ejTyaKq9mxt,jcb,3531510529019283
21,15dT53UJarnbFpD2XjGvb5EBYsN7ThESDK,instapayment,6393755792545791
22,1Krg2YbF16fmnixrB8DGcU7cZ2BF2ovAxU,mastercard,5048379549278266
23,1EqieFUhQsdpxSbCtVbgaKnryww8nZyn1y,jcb,3539800677549765
24,12FtLW76aG8arUUPmqSjX2AR9KsXdHmxfF,maestro,502076268832599713
25,1HQEjYQRwW3LBRZfCzLWhbg8Y11RREzspx,jcb,3528260709265174
26,1LZCs92TeHXN9KCBKPXFgz6vFwBDpqU3nS,jcb,3584397382919015
27,19Jx3x3za4R4CzXM4MixjDQjzTFGHfq18X,china-unionpay,560223444690191584
28,1KByDrLkwz3vr8tZbgCsy6vYQvYo977bsR,instapayment,6371898552187788
29,1PaGdFCm9fUZGGyrVWtXwzKvnL5vmyDnk8,americanexpress,341139337261709
30,1HLCUvXRmNWGdz3q4o5Ts8KgkcY3kiBtwN,switch,4936481051391228
31,12nrx2abHJJhqjF8cdkvBtHTJAuNGmdxJg,mastercard,5468556142590111
32,12sxmYnPcADAXw1YkxdapRsft2PwHZke7A,maestro,50387077934280351
33,1GZ7QB7GUFSWnkBHmsj4C4EZYMWni6BVn4,mastercard,5363176326162847
34,12o8zrHx6snCPbtkoD9im4ozBtNkHRjeRV,visa-electron,4175005704373695
35,16dgD7KrcvnX9z1K3CbcDvevzwTk7Y6rvu,visa,4017955661996
36,15X53Z9B9jUNrvFpbr7D554uSc5RL7Pnkg,diners-club-international,36423633151016
37,16e3PCTV1StNkHvBvKddM6Sx46s5BG29RH,americanexpress,337941883156142
38,1BBVKkSVixZ3Qk8BmkMBo76VZrdHaUgqFz,china-unionpay,56022406380412531
39,1HTwtuDq4sujd4RVZ4RbfVY4j3A31wyuNy,jcb,3553603785705092
40,1Ex97yUGwTs8XYpoaotrTNj9ysG7BCfHTe,jcb,3539925509203826
41,19NZ2y22cSkMuumkeHq2T3dhVA4mZUEz7x,jcb,3584254982138548
42,17PPLnwAkxXTc6ytfUpmHCVvR3zHzyQDKv,jcb,3528892612173572
43,15gDJcE839Fjubd4NY6PdqVfKLScwyqXVV,maestro,676389542977712966
44,1N49CZF1tz5GU7xwmmMmBAkGupPWo4us7X,jcb,3530580715451336
45,1JcPibbPfN9uPbriqKteUca4qEc6icSA9L,americanexpress,348844956785952
46,15faE4i3jxJdERzYswERBJYxQtWgrQS4bf,visa-electron,4175002247512152
47,1Bk26HNvrbjFyzmWdckfbURCdSvEsBT8jU,diners-club-us-ca,5429437944483821
48,13JGssiu396LQGoEJf6MrDjaTQvJ2dBURb,diners-club-carte-blanche,30312151380295
49,1NN5q367ddd3ZkomurCp41YWX7TWao8RUP,switch,5641827008249338633
50,1JwpLkFW2wQWQU8FeRf6TnhFPDxSaZzkHR,bankcard,5602251405620170
51,1PMKXCoy4v1tRP4coq6uiHttGJ9TM6pTYe,jcb,3539735756958463
52,1FCnxSa2vvLCd59aLaphYsQ2WXd6tTEc42,mastercard,5002359488514479
53,16SrYeRnoWDrXiLDRqTtPSewZtCSxyWh3X,jcb,3574419367481803
54,18vi9HWivvTe8ZoFaWHrU8dz7pv8nhtUzS,instapayment,6378801849100799
55,16mmkiB6nqPZPeR8btFsRHQdQTNVCaVHr4,solo,6767583328262058082
56,1DkGPKNDSuqTu2wrMTfeawZcALrL1C88zP,jcb,3551031602073019
57,1JJoPvgHNChccgpdTng2X31iR7uoTZmF3p,jcb,3539256989869229
58,12SdtcFb88NL3tZphQFrHrwTJc8RS6nbaG,jcb,3531486072619680
59,1NcvW1y38fYgrcrRFFF4vBdrT33HnniTJR,china-unionpay,5610510415245561
60,14gUwW6RXwX9x5jP8hrjH25zWn9DGTSA8K,americanexpress,370188309164049
61,1MjmJTrK94VxvShRMdSH6zg54uBz4ZZvkn,jcb,3560725728936376
62,16qpYVt6YAAx4JYjzbA8SwTUHoTyB4twRF,jcb,3588039617015492
63,1FQHZfAhYgvnnRYu5ormXC3Z3k7WxBLjcN,diners-club-enroute,201429444063695
64,1J4FXCgyAvC1Kgp4em8X9kiVd8YNCLXTRc,jcb,3538183615079430
65,1NnvQYgPt7fSDVhHEZfFDpZfHrKqwSseQq,maestro,630469033992207968
66,14H1ES3YigazBLuqxb3vJVFGd7Fs4fRHN5,diners-club-us-ca,5488508806917250
67,12ya1ED93ApPBQRSCuqiehip8KfPEzXYaj,bankcard,5602221992817208
68,1DJcRkQjHhTgScXGpSBJX1fhrctGYcYWbW,bankcard,5602227038641502
69,1HZDKZuBW7kcRtFzEfTyTPDPUeYkj4cbf4,jcb,3548874180698368
70,1F8zXTEaf4AFpztMNzQZfo5NUreptaArTD,mastercard,5002358263037300
71,1Gf4LPvcAP2dv4ah62ZLwDQzCYMBiXRxLx,switch,633383459423713190
72,1NkrUawgGVi8MUUvAX4SuECSmWgeehZca6,switch,633316440124211306
73,1AZrZYHauHrPDaAhtpezN4uBhsbadArS43,jcb,3583671545677202
74,1BGhWNi6uUCaMDMcKeHBsrW6iy7Fbi81VL,solo,6767396095942324
75,1DLZ2eJ8oMXSYJHt4t3NbtdtnT8LVwsDqk,laser,6709463316938617800
76,1MqYXPCZgNsc7TE2UJYfDxfd3C7SrdQhMu,maestro,5018575039714118
77,1Q1kyAdaVTVbeC4kqqbstf8UQGRgLcbKjj,bankcard,5610124718689622
78,15DPDsP5f7mUTjCeeqyW6etuFanukXHT6f,americanexpress,374288585956237
79,1NZ6a9rxCvdcHsSnJd8avCvawrkfR6E3wb,mastercard,5433493756626720
80,1EaWFum7uizRuFj9We7nCzs51UAuHwsPEA,jcb,3569322199678264
81,1MfERBjXL5UxUTgNwiEfM1DR1TMpKYEwFa,diners-club-carte-blanche,30329753582177
82,19xxqGZhCdhZw5a87BByhFeyN5V1cU98o8,diners-club-international,36382741151583
83,194n2Gy6DWiWB3iTMFHe1zNLsdrXPzzeSh,jcb,3561668746280204
84,1Kob8K4BHzPXJfjzfkFq3ZHgxHkj8scKTN,jcb,3585448792875260
85,1BvQrhjPaRkqkWT8ExBVN6b2VcbLoJU5mJ,switch,493627107222192935
86,1teET2Npuip2N1rHTT3Byx7K5hqavBZjy,solo,676768609607979736
87,1EdEXKba5D8Y4XE4W6B7drTQYf9qWY3t5g,visa-electron,4405840074473507
88,1FKNF52VLdJQgSzJR7ovhcCLRzYrphJKBz,americanexpress,337941765189229
89,1G4MPdfYqRoBKBuLx5RYC3HPkLgRQhiEKJ,diners-club-carte-blanche,30487776982103
90,1PaBGb5gYYcEzShsenXCedf2LqMiNe61vS,maestro,502093548139546239
91,19MZSy1H8S4SaXsmSc3n7AaL2GxQkQkEZx,diners-club-carte-blanche,30305687886181
92,1CHBfFCMxCfJYav13dzdVAWW8eP6cdFd2w,jcb,3542931661269741
93,1CU8hvaK2qe9oJBtdnjgJmR1j5vA4ATxGw,jcb,3550161916507690
94,1NDmvzTjRuhCw6JhwwA1cWarYYN2A8T7Sm,jcb,3565849907275557
95,16dLtrut4evp6GkGbZV3nqwzsGYiBcPiBZ,diners-club-enroute,201452903552321
96,1Pm8wDxHWUnzmxm3DEhSWST5WPhP77M9m8,jcb,3541527329669529
97,1HfdsmQb3chN8e9BCABLZFfuMzHVvvqra9,visa-electron,4175003679583075
98,1FeW6Nn2tRcLNZZdJ23KvXadEKyCUFryWt,maestro,50208772511396482
99,1B6ET9iNCVnZdE9dkf8gKNMpGB4a6fTezw,maestro,6759645493531406
100,1NqY2RWDCFNwrGtqQ5LWwP1SEAFcTH6F8d,jcb,3567558163974161
101,14UXTJPPjjxZ8JFAeVtHpTVWVLfpMVAQ6B,americanexpress,340379587699635
102,1PvMkvK2LKiuW2s5Jkch6DUQUnJq2gWWQX,jcb,3572447699256462
103,1Lvb5n4YwDQ1rH3P2csntDgTU1aMHQ9HXp,switch,491148575428459908
104,1NtYD2e7T4nnMGQKjwS2RBshnTJNQxsAs3,visa-electron,4405864738256777
105,13j6FKzrLgumLUqeYH4baeY5qZgiwGW5UC,jcb,3538483164066576
106,1LeTnuaETkv5zTaF9JiVU1yBeizgYwciFU,jcb,3586037085633053
107,1FcyvqMh2KcS71YftVH3vJeGpNsMzkwt62,visa-electron,4913292539469446
108,1RcsodKknm8thkCL6F4Vcmo7f4A7r6ydj,maestro,060456196938060083
109,1HxV2jkyM3PXbsH4qGsVX3hwcAb4SMi4AD,jcb,3545361854853944
110,15cRJ4mzZd4Vgd33xbVjEtYw9c6f1WfGkC,china-unionpay,560225515023967200
111,17WadgEjUWp2FfjY8n9E3LAVYH8Qitu3Ha,jcb,3576941578560628
112,18xon7gpGtZHkxKngGjnHEAWJaptQXphco,mastercard,5002356698186114
113,1ASMSuymkM3rwSwiJtkknowrP2F5KWgBig,diners-club-enroute,201610959673198
114,1LJdmHRvFqCVSZcDE6CZxWsWRW6iQsSgbQ,diners-club-us-ca,5559805589700646
115,1NL1zmAiqQTX5vY1UZ5u4w7XJ2hbHVatdq,diners-club-us-ca,5516799910419921
116,195WYoD6Gdcic87GS2mgtX1J53n8SiXvCK,jcb,3569306185884630
117,1HU2jTHUxYQNASUFGSRq1Enye483YH5GZM,jcb,3558443662143025
118,12K7cT6qiokFzaQZe6VLkjjkdE7ajaBGow,jcb,3566767218188161
119,15ffaZPDcrBU48gf9wh9XQ6snxwWJ12e3s,bankcard,5602247792318386
120,1FGBr7TGN3xEcHYWcExYzXpqFbtuieXAoh,jcb,3541730111182061
121,1FsjEpfDUNRCPAfEbHWrDKPxPRTTKBEcy9,visa-electron,4405647026079740
122,1EGjs7u3AyJqXKXV1aWwS64WrGVD8f2UdB,instapayment,6370175511792334
123,1GnvVrnhTziN87BvzXpVrqrVGsgN6cDcP7,jcb,3574177825682970
124,1CB7AdhTFBXmxuABm58yKmCmsvVqDjT9P1,maestro,67616834099829001
125,1GJDZAyKtvFyWxF3gqqPxXYCbNxbUkwkwW,visa,4041373918523
126,1HRDskdQToCiQKpmesWNutHvdoM6QgRXnM,diners-club-enroute,201983219930199
127,1BqbTFbERsvbgnVxS8Uc3n7Eby4ZE8WPey,mastercard,5007666924266281
128,16DbYq1KR8DVSQu5E9WU9ohuofBm5AHB2Q,diners-club-enroute,201907458198184
129,1NgoCt51zXpqrE3v6LymGhYDEzM5GnyY45,maestro,5038459159420285988
130,14g6pVWWWNSkEJCZ7zVo5xbX6hin4EfEGk,jcb,3562399918861220
131,14jCzHf2Cc4TN6yuo58Zp3pYnpZzuLXrw4,jcb,3537915960788920
132,1BYP7s3Cv6X2uFAAV5TFwvhPAZXZytZX7S,diners-club-enroute,201613350163868
133,1BuSrTHpCQuScSBaDLbcTCfwJaRvZ9tamD,china-unionpay,56022137767235233
134,1PVkVkL2PBuiRrPMWjBqWq2vL5PdaWuDwX,americanexpress,374288100617900
135,1MBn9t3VTKGEb1QqgfihPmP1V2oRdSTdfZ,jcb,3579806694316980
136,1ArRjGy3s2J54WRFKu8bbPyh6HcTonnWpL,china-unionpay,5602255518223772782
137,161PNxXuRHdSAmCCv2F2DtJoDRmHH4Puvr,jcb,3557391530301476
138,1mDwGuGn2n7QenUi4MCgE7wExNC3HHh33,jcb,3581798132418625
139,1FXqmMwzvGaaxRDq8M7jXnTq6MsbP3KRin,switch,4936820923508313
140,1GYuMekkLXWmx1D6n3uiw6cPM82yuEqSkE,jcb,3551451588091407
141,13bRpXXGH63ZwMPeT9WxywRnGx4E6mgecV,jcb,3539794050214701
142,13c2w1omhiwR3sFZmX5oNuJQ2LrAhXDoYj,diners-club-carte-blanche,30079779338993
143,17LKWydgZEE4EkToW9EiM7sqU42yRinfgK,jcb,3580854661041709
144,1MCLotznAUxXfrnErvHKvvDAdf8zHNdy32,jcb,3553096722692665
145,1HruBJQL9tNACQYDKopB9pLRABn5Gqkgob,switch,5641821474474377587
146,1KhiztS1TitMACFY8z5fSGyRkeqTraUefv,jcb,3587828789352787
147,1MixuvdkVZQhkFot85XQkcaY8hU1F4Ruov,switch,6759655770348507
148,15i4CqJPiHJQ3sqLx8NLdZ6fgf8jsF2a9s,jcb,3543040282342421
149,1CXeVdukm8jrsQvP2JEike2vzZv6ZBn87Q,switch,5641820691367960
150,1EToNeah13gHCYZn9MW7wy46vwgoN9fWuJ,mastercard,5100170991644526
151,17ocf7WWs8t4SkDojm8iMzQXsRSNDktJiB,switch,633367143230615273
152,1Mr3iR2vr6QunToBxXkEsfEo8Mpnwy73vz,jcb,3555002993231439
153,1N3UzFW9PhN4pcSzmxhssdfh9uvdTAPFDD,diners-club-carte-blanche,30333216969195
154,15t9EykKtqdKzV7Na9fc89orLhi93x4tpv,jcb,3534342465827231
155,124bbjEMLiPk2exfkohsD3MEhcLv3zBNYa,visa,4571196589196366
156,1FFFiPgmSA8P9VGH4utNN8JSHxHU9UfCwB,jcb,3557795803008917
157,1HwYrw7942uzpNAzM8LeEoYNijERBYo2wm,jcb,3587235409943666
158,1ETKFAWGae2by3mkFruDBeSxZRNNcnamhH,jcb,3569286565856004
159,1H7Y1Srzv5zoo4dq3bWRTbxQdGW6X57ZNb,mastercard,5100134628429297
160,1AT3QJwkTpD933maAjtXuJvnLFZGFELQhE,jcb,3589545526694218
161,1BUYSP3vTanwdY84vRG2VXJVMCEzC6vewr,maestro,503834442335414248
162,1GAjYkWjNDaJBWqTv83bNDW7QzwfWXsoJ6,jcb,3574851561774700
163,1HezMrMEaBbjCWV9XBiH2JJqg4xCbMTwmh,maestro,589343295979391319
164,1NyEMnfT5MnJKHCuEuotcTFpj5575CwLUR,americanexpress,372301207354996
165,1KgbP1KXt5xs2sBLudwt7SZM14NZXN2yNd,jcb,3575508620928557
166,1NXjmmfaJo9gTAY8UJG74Sktt1giH8Q9n5,switch,6333222366294416
167,1CJbAcbo2KJ8rUoYk9ro9rf4rWKvRX7hkh,china-unionpay,5602254824637921283
168,1GCFUAekWMpXhxJymkHCErBcHVSEPybPc2,maestro,50387029548311403
169,1N5kDn9gQoYQgecrKUVQrJMFRSadZjhf9x,diners-club-carte-blanche,30032267306089
170,1Bs4ypdN9onQTKTm5kfmDr74ooEfsVMi3c,maestro,676323710240476490
171,15WQWCYLuwa2Zukkra8qyQxNd8BLgY9Rmc,americanexpress,346708341239193
172,13FJ74PRU2vPkLfM5uQUaxCYEmqPmDf6St,jcb,3533141250765791
173,153KnGnhovzVeAk3BUfaJsQXggCbX1NQdy,switch,491197272911146701
174,15B8xZXq95PpXcw6i6EXfxsxmEov6usgp4,china-unionpay,56022574889323150
175,19p8SGS8jt3vrH3KUSyYy15FdKeJStyVXC,switch,491179841576368685
176,1Ni2EpkWvzKcRKCCC32K1RQHkaNP1BUrzP,switch,493655740166596607
177,1AJzqEgbbFh2TNLFZrWp1XgCY16gQQ3pBe,americanexpress,374622279517220
178,18rb9oibQjXFUTcUd1y9BnyL6nbix6vrCn,diners-club-international,36548959533023
179,19azC7y2rks6uSVqXFsFC36tzsV73RiZcG,jcb,3566670824806145
180,1Gt6d3Q5aR2doJTGK9UtuKAHGRF3Q6eQGt,mastercard,5048379060405074
181,145xey6tTkzco3hCzv1oEhHH7qgKanaJas,jcb,3544810846699295
182,1bB5Py71mhhzRR3ZGyRPDYGgjp37uwxZ3,jcb,3535119158762498
183,12ybv1JmpRMgUAGHYWShxxeQRgTiuh6xdg,jcb,3580355273719997
184,1GR2Kpib9ejK3aNewhK6f6Rg4hyAzPh29s,jcb,3576930078685720
185,1D47SM9hMGrV4unQyBCBbRsKeyN8bSNwMQ,jcb,3551753418508579
186,19c8Kd7Hw3p2WFyfZn1VQKJS28gtsu4MaC,jcb,3556624326724472
187,1FK4sM19KttfyuSQBgbjjctsdLPdbkzgRi,jcb,3581978553436658
188,1cBXQeSnrcCmywZf7RG6jogqWrMZjMhAW,jcb,3539555975335412
189,1PktCHyic9G4aZu15Dd3N1PUf45wW4MmFs,jcb,3538340392752619
190,1P5SWDVgaPUV9CZe6KW8LFwpPcTEsWTdFt,mastercard,5108754210603934
191,157xLaDdkV7Nd5FTHCGNYLBfy9Ei75PPae,china-unionpay,56022230507277647
192,13kWPvLSCWmJtxt3DkYabYqNLKmmoqt5Mn,maestro,501812712386877422
193,14mZuiWezPwYR85fYD9MRHYKEgNuZwTrcp,jcb,3588593464335916
194,12KTfvJwTfnJn3dFtZ8KaLycn5noXetTFo,jcb,3546110080774534
195,1Hr5BLhSH1EpWA52QnESE1RadGfvej6W7Z,jcb,3558431607734990
196,1DkmHzyC4e3PP1VmaJSmhjgQ2QmsqiKPde,instapayment,6374554599946556
197,1Q6UV84patYXfzEdAabyanzRe4cpNHdfkC,diners-club-enroute,201687716411559
198,1HS7zyoPMGAbB5cGAfsKjgueqYmbcdh5xe,mastercard,5100134814121807
199,1GYuD7hkkRkCeVcx9tMXzQ1LwfAUcHUQfN,jcb,3573608384214319
200,1CwHR4KqJRyHREsqKRVCeFABrp6rmJqTEj,jcb,3584776220703352
201,1HkfbqVncBbR3TbF3gxsMCnz5qTo6peera,jcb,3535130768278593
202,1LfrgqGLAjX5DBKqJYTBW4Xa3QwP1gRQP2,switch,6759798631018822083
203,12CPrDp5CdpAa19YvjN5ZvTicp4xV67G4o,jcb,3543181711045480
204,1H8NYsiBZvNKtuXjGJxSBWJDkkYaNYv3VQ,bankcard,5602251945740587
205,1N3vpjXV7cxaPZV4Pw6SbdTC1kMymURehs,jcb,3571042148727873
206,1GmhCwp29wFg1mDu9Hoizd7YNNWDVfnUg4,switch,6333428014332488
207,16AHqGfRx8y3R8dURNJopDHqV8eaDrmXJM,instapayment,6372027043259522
208,1FN4saPCSUd6uqwcasppGv6PmVeQMKUav6,jcb,3582754174454902
209,1L9ULvtcJm4kdGcL1SqQU9H2JXS6Aq34r9,jcb,3580462598333403
210,186CvKEZCp8DuUhvXZigfDpJkoFgUsfPpA,diners-club-enroute,201930650317279
211,1CdwCvBu8icEQnTaLP3314mcEsJB7heJNQ,jcb,3553087021718608
212,14ddq1UeVDyToSn4Xb1brEu6XmEaHmq6z2,diners-club-carte-blanche,30337133423244
213,1LV77cQNAdCEnBEsAsGFJFNmoqXybEepVY,americanexpress,374622308379600
214,1ChHpmUoxyHuGbsWbjyJzUaXRBoMiiSDuD,jcb,3540239022720846
215,17vQbdUE2wuWVaS6BVQHdKrZtFuDnwdLKg,jcb,3581534210715818
216,1GxFKXXNRwqcEVRWJygUq6bfGqFnyZqQek,mastercard,5007665841151915
217,12XXCG37m1Uyp6i5RjBr48YweNXKvF93c7,mastercard,5100149508145078
218,1LPtrk6hjJFjfGRPkLTdCHmtkEd6zdWkrt,switch,5641821588502820597
219,1GPLB4YvWYxjQc3XEnsQFpPZdM8AWkrTvp,jcb,3546112431757606
220,16oxuFc7XUczTVySWSAGXF72GmqPaciBbj,laser,63042498133784870
221,13Y51ewMyALswNqeXCAFK3EA3QYGGCsqyw,jcb,3535493486514131
222,1EQSwLm1wAnNFYFiCwtTHmM3nGX22neJ9Z,maestro,5020244713212409483
223,1G56Gqcy4vgnhw7am9unyV4iDTsxAkVHdG,diners-club-carte-blanche,30428932523225
224,121HTha5qKVuAGCxJMyS85Q5jtZMtm83bd,jcb,3588416053667293
225,18eQJ1EZYA1DgSqLhxpgx2RoUcvADeabt9,jcb,3539646151057761
226,13xmooAVhYeEbGxWVjYC1J9MXZ7chjnFgY,mastercard,5203220151595046
227,1LSvwiMshvxprFGDmvT4dsZFN7VFxnfBPu,jcb,3559006103887283
228,13fra8hY49MsJ3irFLsPHxPUe9PJn3epmq,china-unionpay,5602214486121617
229,1CSW6aaHQXSdkDp2Xtpd4HLRpjd6pWDvUr,visa-electron,4913658465481284
230,13HmqEWyUkcDDKLRSowKB7grFo8eHqQwsE,jcb,3589605690949291
231,15q1tqP6ofqjvUJh8vaAwLUM7xefp6Jw6S,diners-club-carte-blanche,30158044465821
232,19tysa36qZLF8nSgxdejWQyNGtnktumX4a,jcb,3552397232513339
233,14eUoXGrk6VLLMzqLhE3KjeWDaujKwghgK,jcb,3540186365285426
234,17PmXcqSJkStkFfLR14AM3NKhNFnrQ26v5,jcb,3581466119133324
235,1GzpFV7jYVr2YEgPrSH1AMU3SBuqVEj9BS,diners-club-enroute,201748961994549
236,1H3HSsLBpMC6NtAofmCEGzxtzF1MkRAPNJ,mastercard,5284814813923604
237,1AwREAB71P65RxtPnVUZZL2v15Tu4bMiUg,jcb,3579723981016142
238,12Y5FV38gyJSAtnhpq8rfwnbbFaqnouXcD,mastercard,5048378880048635
239,19KrAve717pGFqYLiQvw63yV3Ar6XabJhD,mastercard,5048373356271779
240,1Q2Yxj5j4LsDwp9MKA7aqac17xpqMJnXfH,china-unionpay,5602243535435462
241,1Et7Huugu3eePsjEF6tDXqDZBnNuSuwpyW,mastercard,5418519518360502
242,1EffCTeyNhHrxi4kM45GR6sknVvrruU2ur,mastercard,5002352131237770
243,14iUvpybfSGj53rXBgtihMZabepoqB2uCF,maestro,50384497792362005
244,1C7x5uVLDuuY8FVxHLUYzt8stcbg8ukAZA,maestro,67624601495400285
245,18FQxAJP5zeo9gqq3CGnFSnxZrRuKghHZb,jcb,3566709237188053
246,1CuekofuqEMAW7SFtTTci2zevTy2tEzA7h,jcb,3582631328814464
247,15c5nD3ntu3pNEkACGKFjZCaHq6duiTeCU,switch,4905920150459516
248,16WS73NGVmHfpuWqPkEjN9pirzG9qkgvPJ,americanexpress,374283392810230
249,193EpsAmaG69n9wjRtKqmXwrooPecqVgmq,jcb,3578245285341746
250,1KosnqBcrj9Mo4mDnDy58vzXxuJezWuaZ3,jcb,3554796964361775
251,12azUbY3tGgVTQabLzWC8a4khWenPEbR6n,laser,6706552313414884
252,1M4KAFyMJGr9Tw8VY5F8EkWVordUBbsyFb,jcb,3587809833387003
253,13vD4E8iBT77kJuWptq4w9pRSWAKo1uv5u,maestro,6762687870355939757
254,1P95SEHrkaPBLAcA546nh32AYWkXoB7UsY,diners-club-enroute,201706434202825
255,1JtjCw3Nj42ZPgeFkgFJAPcVCyvt4sMLPh,jcb,3573096075767565
256,1Hqp8WPgrtpDDCpYcHhqptjUbgcueww51J,jcb,3566741964009798
257,17BXzGfFEgyxqfKgToLeKtsmJVF2YWd1XU,jcb,3584753182830143
258,13aoHZJXMCv5q5vNG9Ebwuk1Hk6TiJHfdX,jcb,3585171508475106
259,1QHnjnthQyb8m7kJ2ySMKi1BurKMhpeqfv,instapayment,6392516042144186
260,1AnnbmCAfwof4KxemequN61RbxiVZ8ZVJq,visa,4017954176916485
261,1DqNy6TciWnC13zEytFrvRewqtTzgvoan2,jcb,3541319110831199
262,1KAeP1dcXv8R9jtSDFqRNxQcZysk5YSrhD,visa-electron,4917935013163424
263,194Y262AsEnvTfm8edyzTVskYKKc5QPEgv,visa,4041598392561
264,1JQ7gVnRRyqwUENXu9pQZWV6QMGDBhC2WQ,mastercard,5010128930031600
265,14mYLAgSV5tZzRwtfL9YF5N2iFHxgEsr2d,americanexpress,374288699973003
266,16g28yLDNEPrFueJ3U1TWnBrC8jiYqdyz4,jcb,3560439985856851
267,1J2y5YaZBkjrxqfsmRKJoPFErQjck8EaNQ,mastercard,5117945641841031
268,13ZHXuakakxSAH3RetEVcvuR6oHqFL8Jft,diners-club-carte-blanche,30158911107019
269,1KWimXK82YVAeF4fBzrpa5Vm6hj2Xfnc5f,solo,6334291237212930
270,16jzQnpHCyrUPHYw5ipEYQyszLtmYwUafp,diners-club-enroute,201744991198771
271,15sCc4Y88r8WmhKQHvJqkQ8D7Uf3sKTyi6,jcb,3576113097752108
272,15mziUAQKMjfmkENf7RTDBYmwwq5JqsDbN,jcb,3546004331241098
273,14uCQdJU8Bro2wLvz9SHdQMsL66gbZsUR7,visa,4041374746923
274,1HBC2FaZj6uURbYmgP1ZSnxEQBfqMK5ZoU,jcb,3568599095647771
275,1ChtA8n82vNqQucA44PqZHzVwjxL6hD48p,jcb,3589418543143843
276,1MwMmq3rs9bkY8U6tV2dAo2VXUWj7bBgma,mastercard,5440076270378265
277,13hHMbUYJHYZAvXSsF9tgMAQsn6wm7io2d,diners-club-carte-blanche,30340804147175
278,1L7ACa5TaTphyiyvTWbbdkADGPCieYUkrK,instapayment,6383794650634464
279,1LckxTcYAFbt6iftz7jRPBvDQvRkgiambY,diners-club-international,36869253729806
280,14erThnZzuHFFJH3H7cFLLZYUwZdvaQ7dj,china-unionpay,5602218919551720
281,13yVGzTgW6e6H8Bi8roQBjKWu6rCWPEi8D,visa-electron,4917338475649503
282,12B6zy8LF2epqYCuosqdua7ojJ79FSFGdK,maestro,6759994408350045231
283,1GtChNuQdqvZAVmjdCvZC3iB2ajk54StSP,switch,490532439873288385
284,1PpMmH1GDTMniLhUmdchaTPUMTc4WyhTg,jcb,3587531037603783
285,1JX9yVPD33YPEPM33XVzvD9BFQ2fYTDHYH,diners-club-carte-blanche,30530804732568
286,13snYmCaNaBEjdNmJKerjyEgaVwkZMThZY,diners-club-enroute,201890766953294
287,1FPTbb6v7ETCM3UZWxxiTCMMfrtgsXo64F,visa-electron,4917406244356617
288,1Dzy17R4KiqTvn3tgpgBrfKJfPYPLUxP2m,visa-electron,4913403978016107
289,13TDxVRh5Yk52AzSHfuqTQbX1eNQqNf6kW,jcb,3584628425261720
290,19sjCaWp7ScgbckiifwqYCsbagJJJNGZ6D,maestro,675905135593864084
291,1J5cLfZfSGu4hauzPoJyxDyBTnmttiU7Mv,jcb,3579280307149933
292,14RR6isne5YGAT7rXnYoVnDmqFsr1qN9En,mastercard,5108754498715319
293,1PJgSoTde2rSpfYRYpied1y35KVke7kvXo,jcb,3560675231284964
294,1DNGHS7oy3K38AnzdAUt8sDw2Dc4WWCj3e,maestro,67612873266111276
295,1PVW9k3sN9agD6jepBn6gixHwbg1Hp23RN,jcb,3566206604709702
296,1A3rYCZeBfy1V1W3ypcfVdZm6TCU3TFkLv,jcb,3572498735220863
297,1H211F5U61hdWaciXvnRHXM51iVFtSLTFB,jcb,3583209370455913
298,1J5VYJX8WzDy6J1nXWqeSyJcu3ud5VLuRj,jcb,3563670285555564
299,1C74dmFYGZiSzsZH6Lw41bWCu8U3mTvcth,diners-club-carte-blanche,30024213331048
300,1BGB1ncXeH8W9aS2B71gvew8mcxgmeDZf,jcb,3558889867646768
301,1GKz8BapdTkRXpfTMEp6GNQx5LnN8UiB87,bankcard,5602242898530448
302,17wvAjBAhz74RncFBMRtSK22hapW8AySNE,jcb,3557030400235717
303,165mGLNU7SYRWM5sQnf6PBHFAD67Q5QhGb,mastercard,5007667007101395
304,1B8dT3ofJbw22V3aTj5Rc6GraCK85yU2Md,china-unionpay,5602252411384793628
305,1Fq77QXuvj5D6gb1obqGMWmXJTsKACyvxK,jcb,3574662884354926
306,17DT7nzVyCivzDNmjQHqtTE9U9TUqwhtBo,jcb,3576611337252888
307,15HkWX51tCYcUMESCztCQdYQpwE1SyB7SG,jcb,3587403289940489
308,15A2ggitCUo5L4yWpb2ML7erci9Jp4Z8Rs,diners-club-enroute,201557674795253
309,15y4NZnsEmoqgd1TzoWseT7EEfANMF67xm,china-unionpay,560225721039908432
310,15YarQFUn4ekmXE5nw36e1xur6myT9KH5f,jcb,3551859812536122
311,16zZa198Rk6dtxB32hdnuaPAGR7JxGDNEp,bankcard,5602246542525829
312,19sL3dKAJfukZnVwZdsme56pzoSDW4J2YN,jcb,3541537961957181
313,1pUH9XsWwZD2f1wAw4xCEcp4q16pPaRvK,jcb,3535154154452794
314,17Vd5jca82tmBKkWEj6LSkaedKXJ7hEfR7,jcb,3569551984207000
315,1FD3LL4h5ffxBNwHxznHmn3Yj8BaPxBRFL,china-unionpay,56022308744791719
316,13rF1bY9t9xws6mwd3RhZ3Nt9ij26SSyZW,jcb,3546995320208446
317,1Hrn5A5Jwg4gQ8n97CZ8CQjthJpiMnYhDA,visa,4745980246595
318,1349ZpWGhugJkUBZrgDvNYA8chKpWna6Pv,maestro,676119398727969241
319,1GVTUnpuiWtciq7pkpY3Nq6AG2fcxoatS7,visa-electron,4844430780780178
320,19RXhPG2Hc8Ujo8AxbkLvMHkMfz2W8ZTQt,jcb,3559414446867196
321,1Pd7yqsh5GQFAQ7iGMCB6zSUVKCc9pi8ec,switch,490589497391302270
322,14Qwa7J9TdWNGKGCrv5evfnQM73GcidtAs,jcb,3539729423839446
323,1HVHbWmZ5dwE9w1V5fANhfefw46gNuvzDh,mastercard,5002351011449901
324,15jG8xupD1mGE8JMkrahvggB3CELQUoZ9t,diners-club-enroute,201528238173345
325,1ei9D3gRUUgvV5aGcCiBLtdU1aNaCAADf,switch,633110788992781620
326,16tRkPChNu4RTqJ7tkZa52os2HZvh2hjif,americanexpress,337941526072920
327,1PbHBaKrbjx1SWQEF5t7pYTsbQcNearXoX,maestro,50389990443445356
328,1JndfBXRMFBS5obgPpgPosLZpJd6FnZzRh,jcb,3552748968017137
329,18nNxGMaqhqrt4sZs5h3fQDDLpJL5wopFy,solo,633485725371257407
330,12ioTZGpKN2byb3qJ4BFTAZ863V4RXGyUh,visa-electron,4844563039476626
331,1FBU7wBWsE6JEUpQ4hkSFgGqw9kWTs5iay,mastercard,5007665404642870
332,15anYX2567XYMQ2V7LzqChB3WBVKrXoKm9,instapayment,6370960593855350
333,14Dh2tDjdseUVXmpXWh2NLS8pBY3dN2scY,china-unionpay,5602217501522832702
334,1GBCPvp6MzVowiwSfUzXChbvZfqE3cwoRQ,diners-club-international,36186391643702
335,13FMGVNTSrfCejS7axjahJLJ77GzUMq4mh,solo,6767541762552431
336,17GuAswyiDFv2mCb1b5UP8fjtkPJzFUUi9,diners-club-carte-blanche,30124574219566
337,12PN3DrSwhMdpsmFfeuXtDbSD9Zh4rZTxS,jcb,3531253206613942
338,1GdqNq5UnR4RxeqtYB9P5CTRrhP8RGvBKz,solo,6334714904731156839
339,1LMsEntv9o93geoFHspTNRwcPpftZgJHKW,diners-club-carte-blanche,30415379181930
340,12rcsUNJwV1k4A7yTnN1ircMNuPAdsrf87,jcb,3534701702608409
341,1P6aFYrVxtB9iX2LLNx8AgrmyvqhhrnB3F,jcb,3535230331358508
342,1AEg6F4g1VjnQXEUAGmskrFvt6adRW1xux,maestro,5020392190519916736
343,1Pn2FyJyvkVi2zx8hsDWSBjEWQhUfvryvG,jcb,3551004532982302
344,16YNj3Ju1hb1L9ZheYiT72NkvaGoGgXLQn,switch,4911751457860110
345,17AGnU1HVmvAt8gwZ4PoF8bGiPS4ARbRxi,jcb,3529003303335087
346,1Fm2BrsFkx6Q9htZW4NDQUzZUs85PdVoE7,switch,6759107979472810888
347,16e9nooo8LuQg1WM7cnvozv3yZ61SuxR89,visa-electron,4175007451132985
348,1Aaw7zeX5iuTerphiJJKRs9iouSbbkErke,switch,4903663283052525905
349,17DEkzPxVJhf4HWoSVvJj2vrTn4UViQvJ6,americanexpress,374288144151247
350,1GdNU2SUFHyM9LpyKFt5PrewQvb6UiWJyk,switch,490539311371558309
351,16YT5yNmwdgYob4QvQc1ncendC8iZ59uw7,jcb,3535077735679793
352,14UZ89fouyet4QK4s6j7CWJ6YsU7QA3fC9,bankcard,5602228449418548
353,13GTMnErupTJKcWhbURrWouRfgJYwr55BT,jcb,3575459678310282
354,16Q23WzZFnnADqSq9z2oRDJZE7SJ2bFHrS,diners-club-carte-blanche,30405887535891
355,14ni6zUzCtsAvXoQWrbVRk2d9dcPqymTi9,diners-club-enroute,201505393246629
356,1GFZcQMy5ScyjMB8jZVpdtJcrR2KGLDeo7,jcb,3575003058714612
357,1K3HNnjujV2R3nc5r81824Dsbf3CVzNRx5,jcb,3528114504774585
358,1FwtfKYxYaneECkD5BaQnyQKtc64qTiSGW,jcb,3560892863016263
359,13Xmjbi7tiQx744Vb4F15MpQ9WsYSLkwME,jcb,3531046764981176
360,1DTzwp1kZCBx9FED2678d5g5ArrefirrXW,laser,67097048897749109
361,1AAxNDSHKFJsXzAhAPxhc41ttuvqxAfQmS,mastercard,5140629014898734
362,1KLZLE7QBBiwyV4pfQjf4uex7mD32g8PLf,americanexpress,372301180968820
363,12itRRT2UvwKkZQt4BWNqrRVJ9MyEnyYzY,switch,4911484713003537
364,13xqvAY3sepCSFncpPWLf8DLkuPWHutTGb,diners-club-enroute,201772201750685
365,1PpqjiMYEMNmUteHRcSbj7Uz7o37v7JdS5,jcb,3533076072929268
366,16jLSZd1n5MFQLoYV2Yo67sVi3ZmLM9Czs,jcb,3558377316134388
367,1FCv1LeZu798EhajuFMZg49zb5D7KTMZWE,mastercard,5002356327989391
368,19FT4M3CK7zrNApNMa6aatFrvF8cjMXZ2q,jcb,3554766827855099
369,1Q3bk1G4FbJYqV3SzNP4bnSKbsVuUe688u,visa-electron,4026775361752503
370,1C7zcZvYBUuqP2GoP41SCG14d9wYKokNLf,bankcard,5602257165160463
371,17jF2xumWv1Uuciy96QKzuCEpoXDqCrczD,switch,493627479041274875
372,17nmbu4ETgtcZfkw8gEpcJAesBjzprcSzR,laser,63048116391794902
373,1DVAgWzytyUMWm5hb8v5VDUboXEH3ARs4e,americanexpress,374283044106169
374,1AAFVEaSdDtDCHDxLc2CMsjQQzVrSZBfK2,jcb,3576045211726362
375,1Dt9WkpAxMU3FNLKxfdm4oyckSgoyaRmph,jcb,3546234812394146
376,1KLkcdF4NVCovY2sB4TBwutHMPNsMBLVUF,jcb,3544074853502633
377,1HruRU5Nns4vPKhahzumaBmh2ujab7RBQV,jcb,3570889684682438
378,113c2GCsYdpBRRM22VNXgWHqsHHFEjRqt3,laser,6709723601210881
379,1HZN5ZVgPqK1iVLKVMxH658kZ3pBDBcEw,jcb,3572421543580211
380,1LZSz2P3pfdPHcbPHsi6UzoK5kU7p2byXk,americanexpress,374622235134243
381,1GywFVxzyi9Vq1CWzX9t93cvB5rQjKQ7GP,instapayment,6388985816371398
382,1BMx6996gkfoYNzgga2M6NxDf9ne1riNxS,china-unionpay,560225722156464746
383,19ZdcGYCmcSU75Gpke6D5YPojJ7KAzXKsY,jcb,3587908169144655
384,162Er9YsS17XMawnx1qeYDjeT9krKzDHVJ,americanexpress,337941430404888
385,1HGACucoijr83YcLmo1Zuba4zUo8MgzXDs,mastercard,5279100260561890
386,18gbKL8KKrECn4vd2PxnuvLR7Wg7pob3Dv,jcb,3564413397631877
387,1CZNPbq2U9YMUb16bzoUSfqWdWCy37FdRo,solo,6767489555210405
388,1CTjE1mRKJv4ec38vSbAQ7SXQktK5377qt,switch,6331106973271671
389,1HVyvrgpgcp89pjqHPWjeamaKEJ34XGKGk,visa-electron,4844368590733146
390,1FpFASo8TTHYuefzybjiNyDfuaFmBGoGwn,jcb,3547248774351349
391,19hkw931gbWmEaKD4TQWmHdxDDsmNX7mCo,jcb,3563276493133739
392,16Ba8ygArg2dmCp9iZxJ3ibfWdCUNE7oVT,switch,4911295046781540415
393,19DtK1HkWLZ9nvnxoFePZ4LaDegf91LUNW,jcb,3541857340592230
394,1PLc9Kpx7WfLTrmnBz6myHEF4JKMHRuSJB,jcb,3585138013071159
395,19N92FcbHmx1663qgQoPY3Q3ryCoT3NMQT,diners-club-enroute,201853101960598
396,1L9iqwE1rGhQP4zCkj6bXpWNicVPqLbqnD,jcb,3531838813010217
397,1FEJkLE6ARAJw2f3TTQMw1PoSR2BHp2N9q,maestro,50382496563310252
398,1Mo4WCa8K4zJnzjNuYuMWAmDJnDH85bimw,jcb,3547537225524169
399,1FfHuWbX1MLd52rWcY4ydosoXxPTuEL4x8,mastercard,5002359516780670
400,155yttx4n3AP7FRcrfRp8A2iAJZPmn1XKh,jcb,3555081372103500
401,1Jkk9XtQrubLEige8r19YMHSkqqH7hYodM,diners-club-enroute,201557624180283
402,1G17G8zzqGzHHvToKCT2fQH5fZiLucdP4b,mastercard,5100172917916210
403,1MgqVsViX7YPossqyaGUtVaUasKG8MhTmU,jcb,3528890789572451
404,1MPrUBpH5ykYPvs2oYuFTnsyjzes1bXvwG,mastercard,5108758270087599
405,17G3HCjaSvCVF5K1ZQMaYWvx5t5er9MRfF,diners-club-carte-blanche,30584620191673
406,1BbeY2TE3u7ARieG5FKuSZzbLFHyBkFoQF,americanexpress,374283856151303
407,1MisSxHw9kxdstqhBiDfcTuKH87B1Mk7wc,jcb,3535198721716819
408,1KkSGYU3ejCU2dZQtwqxn6Adid6i7SSKC3,jcb,3555034928474677
409,19KsxNnAmX1tkwTaCXgX5qQL1QQhNFFQoo,visa-electron,4913053424833363
410,1CR4hiFtPSKdExufAozXHBzoFqjDpnFSdi,jcb,3586436415678541
411,14aBhxn6Er3XPCc2tNMMqf6pLrkjhPJPyg,diners-club-carte-blanche,30595853529926
412,16nzDMU3wczaWKLpoFqepMT2a1BHtVtLBB,americanexpress,374622376832993
413,17iaUoGfdTiY9ekYXxNQhU8yYC4cJGiGLN,jcb,3584759816572688
414,14mRf7cFYsFjerWYsVWEvGN2zRM7tsLVpT,jcb,3551724694519119
415,15r3ri6ZLp9TiZfMyWaiWyPJq6eu8He6cM,jcb,3543645848874053
416,125SSMbJZdM8xT1tDkQBAzowhMZQ7etZsW,jcb,3561456776380593
417,18MMFV777uk35mSQG9aFgqtKj6Z3Wv8vm2,laser,6709951436665074
418,1FmWPASp41msUQq22fPMJRcAqbjJkbiD9d,mastercard,5100138451080366
419,19921XJMavRWFem8gCThCsLSnq7ntZRRVA,jcb,3556100785684283
420,1DX4rz6okUoQ3a2e8iuAr7CJhAGMkZEiqF,jcb,3586132169909600
421,1CbYveweCi5UJeZUwTk5pnpL8XUeR6HQft,visa-electron,4913512972552519
422,1Nx3d81y7pWcHcBowTNoPKDRC7btBSax4c,jcb,3554170289299070
423,1QCs1FHDjsKSGzAfQ1ydB56VcFo81ntdnf,china-unionpay,560224728348549196
424,1CVS6Zg2CoYgqjHfHmizY9dYpGD9VuBNQQ,jcb,3573534347475708
425,1Q4mib5vXfx2pXNdcXxQHwA3wMzCLLpxPx,jcb,3581923180338422
426,1NdeLrvcQrkXDeRh5ET9LxHaug5DQr55oj,maestro,6304079531464679
427,1yS6MyNqb5qJrVzuYpdyy5KTXcuNP2Bmr,mastercard,5100175565893235
428,1BhMz5z5N6haZ2z35v2KhPioweLaj9Na3i,jcb,3566765794774826
429,16KyyvuedLiDznKyRYrFG63L1RvUQT36ZL,diners-club-carte-blanche,30500295455904
430,18gSATyxyXYhv7jeyv7LaAfLDbxfbKmbx5,mastercard,5108751597807013
431,1KYvzn1cU8ZWDurFWLc9ef3UHnk6DRQ5uB,visa-electron,4917518915458371
432,17hegmkTiNfLXvr3pWj88HoiBMyo2rF5kR,jcb,3532017804883358
433,1CMrt7zhyCSFcEfCQJSQMiBJHwCxcTfpx6,americanexpress,372301801679558
434,1Ne3wk6XGTVZv4HGcRyae9vd5wMPuGqFd3,jcb,3536452032569006
435,1FUM2BSWQvmJUWTuHMtSM1unr2YrG9cbjh,mastercard,5048379065281926
436,1xVt3FxfHQvzXPhXVp6VRSEydUUVzRWK7,laser,6771271447166332
437,1PoBjdXhKbqfa38asGNMUC1V2TEof5qG2y,jcb,3549670843388234
438,14JoGwMUMHKVJZtiKEPaXZcL6ZpSec87km,bankcard,5602252526607757
439,1LghKgknSqWhs2FebHyB1NzgV9Kp97WDxN,jcb,3578510018235121
440,1EjXb7yXkPeUPkQp3RcWHzTQntxQGabPWa,visa,4017952510485
441,1JSRwYnRijDWaLuWU3YvvBfc2y6GyK3VEo,jcb,3532915183466499
442,1AmVMhj9h1zEDucgYNeGqcwg3mTbuLZY5N,jcb,3561602905845986
443,1AYdyiCWjX57C9MSjgb68DpZ81iALKM1Kj,diners-club-enroute,201994184617703
444,1LRjKqx9bgARz4xmgW6NFazSd5qaWGoCF7,americanexpress,374622342018958
445,1MGtj223t9wM8CEzd1VW8CtCSHX5ZYjVm,jcb,3534895721231696
446,1A27yCHxDLX2Ba8HoA6HhriCWWB7H9emnR,maestro,589349708261658975
447,1HuGhBeNG83AzbbFUbM1igXBoy19Jx4saq,diners-club-enroute,201733634357266
448,13o9y3CSfRa9SsufD14S1yudfeZ96gDPCp,jcb,3574672119279517
449,1MJJjgwRx3yFzWD9cfJAE6ga7HShGN3gUy,jcb,3547620236110283
450,15wYxjYgszjPnSwa4b3nvkdLfdBMTprQ9y,mastercard,5007668666481854
451,1AszM9CZt7nPHSVyqV7KXhyu7CdC7J9o5q,visa-electron,4175003456415442
452,1FeijF2pdF18oS9HRhQVbHZXB9h6Zg3X9C,jcb,3550494395382727
453,1BHozuEVBXMJTiWPuMMYjJbtQthmRYR1Ng,maestro,5038328750381253
454,1LaghQQxcfdSK1j6rYxhND8vAQryWqfYnH,switch,4905849932168723885
455,16WTGhfwStR7c7uYi9aSbSTTE5PTBnU2Bj,diners-club-us-ca,5539275056099937
456,16sWxTKv6eyxjCJd4tGhV85rTBS2KPBQo2,jcb,3549959771958179
457,15WDprvnJdq9NyxCkq2fpyXitbZ4eN9LQ9,jcb,3555012394436107
458,1QKof9h3i3kx1zupzfNCyV5UYAmQHnG6Ft,jcb,3543025522410393
459,1LPkNCX2QXaC695FpjPZDfvFUeu8unJzJJ,mastercard,5127982875051043
460,14EVQwpD4wvhoccrg1eB9wkALXoLZzPHy6,jcb,3543016749065268
461,1nJmrEjRUQZSfC45T5b9t4Tj1cwJQ9QJS,americanexpress,378130868276352
462,13FaRnAGPb53jC6cw4dQF5qM8XTGRWrY6s,americanexpress,374288458415469
463,1KScXuCwX2CN9RZYaF2XfajtK3LfAXPMZX,jcb,3580336897302600
464,1DmJ3s3kQMXDPkCBjzDVNXc8N9DoUuGvhn,jcb,3544906581978298
465,1P6FSMX5tHtjjrpup8Mzox43eMyeBSHBub,bankcard,5602259677937404
466,1JZKXzfwXM2XGXhJ8BiMetc69cawUQZ4Uk,diners-club-us-ca,5599111533283371
467,1HHBi9Yt592V74bU5PihuSGekNhGzNGaAw,solo,6334824468459661
468,16DYxkURoujy86zMA2QNxifhQHzoouqdNw,maestro,50381502710797423
469,122jkjtEpUfNm9etcAPHkmFwS55BpRZ8iW,mastercard,5010126489242313
470,17zNN3ZwZsHy5Gter17QSBTy6u4nfuEEiQ,jcb,3558365549581806
471,1ER4afAybP4QnNKBdmowqXMQT7PDbWT9e8,jcb,3560603872718736
472,1HYLUniGTh4ainTw8T1VoT9QnxHq2jmejv,diners-club-carte-blanche,30250873397744
473,1B3KgaJHWZux2GpwWHkkAzNmHnphru2Sy9,china-unionpay,5602247048547685115
474,1NCXqhoWBYEZdQNJfJXYxMwf4ycohkgRR3,diners-club-us-ca,5534152036014226
475,1Duj6USKpTNtgbfxPaSLGd6GXek8hVbeNf,visa-electron,4913371837037442
476,1ySiKM1KYDANnG77CcDqKN8CND3Vxi6Vt,visa-electron,4175000412713308
477,14T3iqux2z4GGyD6RAKzmGXzB4b4M16YvV,jcb,3589044861496504
478,1FxaxaAR5LVBTPQEiNqTwbmBmtgedYxYMU,bankcard,5602214971954829
479,1B6osPE4vA58XJNvzMCoDyUTkYqyesdxZ9,jcb,3584010594154640
480,1BuFXTKsP2yCERJaKXmPBTJLGcjj3Lr6Xe,jcb,3570424037888076
481,1BgRseRo1zVhnC4e6qg6bAXDRvw7K7rsGX,solo,633440946404808883
482,1477584qcLw6e2TntjCVBXJAwnS5tUTQJb,visa-electron,4405875597637592
483,1BaVHsiTuRPjzokj1kR2Mww2igfVTKqKmG,mastercard,5100149156082219
484,1L2sgtrs9hJ9TrG9iwrZ5uco4cobLdpsfu,diners-club-carte-blanche,30162050405648
485,19cnTvzEuGVGnZ8EdR1do2UoRx1va3vroX,jcb,3537642101539620
486,1CUeR37xJkVY9jVoAh9UYJc4c85RpnNcmD,diners-club-enroute,201550595799108
487,1HT9xmSaZB1NgUeDgP6CfQgTiLCBXRknaE,jcb,3581388031804685
488,1JEjeG9nRjNMwnp6DSHSMpZHT16PAMFeiQ,diners-club-us-ca,5454497337842049
489,16gP95nWwoiUgJitXvNbd3JUvM8xgzuifh,jcb,3559915645968106
490,1KdPjZGEnUwZBk9YfhE1VbYV65X2UPpaoH,jcb,3562902172506652
491,1F6YD4ci99wmbWLRCaxXR4MPiHg5wsMJnC,switch,4936475607760118
492,1DBEnbEKHxUM16CzRpbJoLH8W6SZSS7bKR,jcb,3585605687945678
493,1EiTVyneX9KaKD3zRi97Wm3ikGfHHQX1K6,visa-electron,4508801318300480
494,1EJNDxd3DBNkDy8P8fkbHfBvYCYtQrCv5X,jcb,3553058062765352
495,13w8rfvivN1Pb9NXjqMbDAZfcSzfHTefRA,jcb,3568724488821458
496,1Mg4dm3TGYNh5bjDzajHdeeSTGqysZJDTM,jcb,3558255127256188
497,1FVx782kbAAwb7tgDnnq6WZzzGA5TBRecX,jcb,3545397827014990
498,1PBFZ2X2wvAP9BnfpVeC9DT9SBK88bT8He,jcb,3574818717711662
499,14X3kTpmYak2qbDwvK7JuzqPq723s4NaMd,jcb,3568624809727659
500,1F4iy9d2Bc7nte2T2Tud3pmyjZHFkZ5xjY,maestro,67612909283847748
501,1NjLTTrQ7hCUBSMbBcGvJSffgB5sFRReib,jcb,3574053250498903
502,19LULSGbTNp9xrWGm1bLfARwiLSZWZU7eV,china-unionpay,560223191023104426
503,1BU48zSPChkaivftxv9WyQc8s4REkShJcz,jcb,3589232473048934
504,1PDnw1yPZzaEzGckrWoiAao4gq1ZC2QfTR,bankcard,5602256862079521
505,1FFg7EQ7u2zuauizSKc5sBLn23Nnnt5CWw,maestro,50387949046407769
506,1KjbGDkoUAAw4xGFLsyFLoN6gXdEJtLScn,jcb,3543538303639238
507,18jammQn9XpXqMKrbKWrLtdwixsRGvJPNS,jcb,3569087768237459
508,1N4UFev4krTiWmC1Sbygy1NdxrJxMDsm6D,switch,675954161233512792
509,174WHbEG3q5vhJrr7dSqopQbZu6YYQBL5H,jcb,3580659571572408
510,1Cajdaq1MtzoD2XeSC9knyhXbhnNjcRxLj,jcb,3543878086888093
511,18uZLkg2J5QhdrSJxhBwfz2mKGmb73EZhj,jcb,3531310481187834
512,1LDVfxy2D8jY2nzsAPdpFePvu61cwGTop5,jcb,3540048437418056
513,18zM2XeTncgJJTm14LDhWbMeUE3nvA8NoD,jcb,3542836366572598
514,191c14CjzgK9DZGE9viRPMyGDqhc2oR46F,mastercard,5157755930300354
515,13WrZXnFFhdmNBcbPnUxYMUEzLHpHQG1CR,visa-electron,4026877662926487
516,1MPh6cmdX8aZyfCG2Hf3PChW8XPRrdAePs,visa-electron,4405407605593623
517,1B1nrVveg5H7QCSnyAKDmwApJYAt9P5USS,diners-club-carte-blanche,30140122641853
518,138eovQHHM7qAL9pFvt4b2Qf6WmDDPLNvU,solo,6767794691826000
519,1P8Rz7AVZvuHb3ySCDcLKKdq9jfZzoCGuM,visa,4041596077135069
520,1N3u2FJx3JQhwDcN28yGCMfwfziBGy2oV2,laser,6304964260595373
521,1BCB5QFbcPu2avL3VLdoZcVao4nzk3CX8t,jcb,3550525177443516
522,15kcxcxkCVygHRjcaxjMrQ1xfzykYUQ3vg,jcb,3559370794841508
523,15f2UuVu2Fp3o86R5BeVwa8xmjJ9mzwUMN,diners-club-carte-blanche,30577828016379
524,18f1AsbDadSh3to5T6Jdpje3bPNoU4w33j,jcb,3568786501893947
525,1B4GPdjDASgQMZVfb6bNUMyhiePCvWXkfs,switch,491135019185415253
526,15fwBJvTHhnc4Zss1GWESx5jUDM1eGjEPC,jcb,3564402137609095
527,1ARu46u6p33GM9rZ7yRFqoY7FYNszRSDon,jcb,3559963876182278
528,12JsLwuTscoqMwEcg2T3NmuQSoBPfeRTG9,diners-club-enroute,201668945988146
529,14TyQs6ta2MhC2erewxosQTjmrvn2P4Gzo,jcb,3545087166536329
530,1ELVLTXnwghLNpPgoRhQJvMsGV7gazaP6q,maestro,6762597415329119
531,1E6GxFTDx46fYYd5Hv3HnUoyXWxAfPDTzu,bankcard,5602213151107828
532,1PmYNUHLYB5qaHSF4HaDdiwy7vM2tCJdnB,jcb,3539563581131563
533,13687zvXd9636oPQNqvQxRXtWH58X3EEhU,visa-electron,4917717842799200
534,1AeQB8VMMr4fJ1gapA8RCdTBU6B9iTwYiM,diners-club-carte-blanche,30412547105941
535,1DZBQiyWQ5KbxMRJKfYwBvC9qWYfEhMVeB,jcb,3536687984247537
536,1NXM2NHJAaB18RDFXKXducNZbJ1HWEBLgb,maestro,6304494229170803
537,1CEnv5Q9UbduMmAhshGsanhDUJMpG88ToU,diners-club-carte-blanche,30506140669797
538,14pMDzX5XQiq687QWKGhqTHx8D3andsAZF,americanexpress,374622874770638
539,1AUm2eLbXToM9GV3CxbKXcuEkWV3AStZYa,switch,493604891860036275
540,14KWZZR8UZXJJZRMwW9rbjq1hGFPkjF9YT,jcb,3545226417198154
541,1Nb7KgHfUYKWsQ9WdxAxqPAQD8NndU6gsA,jcb,3542352854005976
542,1BPu8UecjFbUKq4SbxP75YiLQwizz5vjNq,diners-club-enroute,201901300991409
543,13GUQBp98k2WwGAvQpEeRSasxhrhMwXkYz,diners-club-carte-blanche,30207103945882
544,1HQoYGBRXkUfCVLHQzY7XviT5cnDFPAVqh,visa,4017950172138108
545,1HngA51xwPbeB4SLHCJkvTJGEDwx4A2LA4,diners-club-enroute,201622636444984
546,1KBp4VF7CNHdU2zLKXJz5V1nCWxGPU1uZR,bankcard,5610734151401788
547,1M3ZwwAnsffECKpqyvC6kb3HasDQwyC7j2,jcb,3568166815178741
548,1482bkXGupDD66ypoGjdVuewXr3BaK51fE,switch,5641828546046549
549,1PDuiJRzCi95t8hz8mqXav3AjsAUyCi3Sv,bankcard,5602239488155503
550,13SBN6a7aMWhJRLktePwUsibrorVp5ntQF,switch,4903631225155259352
551,16EaThdACNoy29C5NePZYmSkjQt7Z4ai3G,jcb,3572816582602125
552,12ndY6VoP47a157SYE7ybf1PvTcUw54ZiX,mastercard,5100173429761714
553,13YrgboMCwg9opTLArJfL7artAuZerfjMy,jcb,3560274976063336
554,1SVVz4cGJsCpUjKBkQHHnigj9PgPZjmoV,jcb,3540599080804406
555,1JDSk8HxdGSnoQjGrs4ofh98yF2wKQJXrU,maestro,630446132777795979
556,1maXE3VSxVHcaEDuWD1hEvtkHaFMuqtR7,jcb,3550471255412588
557,1He4WQHzdDuM3GoKfLsFtTwf4yfceLMcyA,solo,6334056326547433
558,19icgsZyCbpv6T1dVudM1ow4SN8N1ss1N6,laser,67090368237126850
559,1DXkoYqPQbjQLCWfYnjSKBCjFEcEcJEu1z,solo,6334941606160451640
560,1KQVm8B3dgzyXGnXcRL6h5VuMgqmpUdeo1,visa-electron,4026738206091701
561,1AVYaoNUk5mSChDsonrLMXCpw2EvBoCLzh,jcb,3547682483818828
562,1MkuHvKMSVG7REqj1n5XGXEzmR2mpmHCer,jcb,3560247892342802
563,1kXGekKcwhTLXxbGDHWj6LdzexMSe8t87,switch,4905051697902519
564,1MLDzAz7CprQex4Rs1jGw3JTd8mAR2Qgex,jcb,3555703703658874
565,1CfEAswgubEV13hr5rKwTHfCtY38DjB5rF,switch,5641823655433798909
566,127hjKGjX4drGZBBSp3L1dZB6cXGoyhKkh,jcb,3554385048060031
567,1PUHrqQaS6R6wMBVLcBEioGbRJeYNogRya,jcb,3549013139241876
568,1AapKU8RuAcEpDHY1esBbJyRCZf1SAycKc,jcb,3557743591421389
569,17ZTbrJvkDWMZRPfAbe34Nu7tJyNQa3FKE,laser,67717326233822545
570,1JUV5teCha6SZN3ysE1bXZQC18fnYcPJnz,jcb,3575145949913497
571,1CnxsgBJXLajMK4FS6wFn3FJeWMYQkhsAj,jcb,3572271610363201
572,19pJWCnyPb6ykFYWYCiGTcsh5vNDdFoyj8,china-unionpay,5602259125469265
573,1JW17cJAUu5MrumrRUDHuqVRSbXVU8vQXR,diners-club-international,36702597637189
574,1DCF88Dm4rhnWSxepvTPco74JPFEt6udTL,jcb,3581899206919041
575,1xuQs46Y7aY7CdDKtxMUvYDeFCyhu5Wsb,jcb,3576796893283433
576,16G4wUrF6T4Z4i1Bc6fP6JbraWSZT9LMMg,visa-electron,4844256038895496
577,12EgsYruxuyrwHi6bDC9FXqzGAmuUawHKH,jcb,3548838530995071
578,1MVnLrRCt8sZs1J65STrtn7DKVHQ7WJ4Bk,maestro,50181802527434513
579,12CKH1jKYSrbgPuktFJ2XBm3fzx2oJTtXT,jcb,3580203372627663
580,1F79zBQCfepK3JH9bwuDgnyfX18AqBnwp1,jcb,3558060414182307
581,1BL2fcSmRj28iHdgSfAmZqjLTYvuMjaegE,jcb,3547927277566897
582,18rq3Gymm7G1gaSLarTBvigCCd1UAmWQP7,mastercard,5302169147139056
583,14LTJQ7zNkfDB1voG7SZppjf8Y4SEgDDiC,americanexpress,344068239965538
584,185R9XrwYBe7JHxFq8Ae65VxjjonmQJdB1,jcb,3582175723488789
585,194csWp2UHAp1PpPurrVWXqfRRek38eyFW,visa-electron,4026902505000199
586,1K2H3Q8N1U2Y68KBbeCU44DRuS9BRwMazt,diners-club-carte-blanche,30039372401309
587,15ZRRK5jgCxWgRoXLG96diBiQ8JqZbt3oZ,jcb,3546873901960240
588,1Aqa2ekXQWPhpfEUALvC1Ec6EghzzjL3Jr,jcb,3540845248539446
589,17WVSB1kYCP75JVkASLnKyiV67b6j7r3WP,maestro,50180760424368609
590,1JR8yQPdcbqjbVRurvC1GgTBifb9YTg8ke,jcb,3576632147785909
591,1DWZkmP56ndLZ1rPvCQ9ssfqU3qfbKgjxf,mastercard,5244165811484225
592,152vQwy6tMVnwDpyhMJaaQsdebPdqvDnSF,maestro,6763897047758231645
593,1AAf2pfmyNkyFYpEweLqGP9Xhxf4QJxPic,mastercard,5182644394330298
594,1zVFDHXnxNCnuPJcyN4DFVDpP2EP3tAdJ,jcb,3544770289765724
595,1C63kWtagnAwHssTWgncbSAekUjYkxp2RL,americanexpress,337941244827308
596,1HBc4nC9LKtuwSa7cbdGshsp2tRGQSYPt8,jcb,3528053416297238
597,1MEBvD85N3Zz6kbXGx5XqmJbyNZm83BAa9,visa-electron,4405239022588617
598,1DiFK44nM5FRvgEVeCqookYrLJzznq3pqc,jcb,3571786905206808
599,1LwvQjjeBdV8yXKvLorBCrWDzwVA79wmk5,jcb,3572049976210368
600,1LraVeveQGNLR61keFTJSGrqgwX5vBoFzM,visa-electron,4026895994305105
601,14GghoTqBDngp1V9PjrdPakZnNZi8VZ8F6,jcb,3573360303922594
602,1PNSbvxE3gBmYY1u8om9MY4a64MUqxZg8A,maestro,589338458055896901
603,1Bn5XaoPnqYsFbC5pQoERdcM29JorAMn4g,jcb,3531568999615717
604,1LCdXbbUrUSCjeCjhpJbh1EBgyBLT5dVu1,jcb,3549021033586262
605,1EMUu7w62n5GzRTZ4ZGTUKMwLppUyrD2Pw,visa,4102966928608
606,1DvNaw5G4bmSs5a19qQu9wr9QEy69cUqee,jcb,3568779219896278
607,14VTScGgN1KPV8FykkSStgCKG8sf8g2uJY,mastercard,5108757833326858
608,1VRS3V5NPGBKERYdi7qeMDaDMpJboNSaK,jcb,3573247454971720
609,1MgRzxdPbDLbyH36Lnzaz3Aju6nmnCDjfL,diners-club-carte-blanche,30071650663748
610,1Em7Mz4SfbrJrUBLY8Riu5fstAdf4o5eRE,switch,493616972513248727
611,1BCcHEpXx9CnFZVSHSbi5ZKVF8tYsBTemB,jcb,3539700351042246
612,1Hhg874tqLXxtPCdz8yGeaZ7U6ZyytScEV,jcb,3547012378868474
613,13Kr9zoBLcQRj8bacNTH2b5SsVyDKL5iua,laser,67098479523037362
614,19wntEaA1QcLZd6F7u2Z9ZUd4bbFcj6mup,maestro,0604126831968493
615,1LLk39KjyCSZoBG6GtKV87tHqrveJprsnw,mastercard,5010128586600831
616,1H168tEGqoEeeNDaWmNjyEiubqTz3ZdoKG,jcb,3531123132688682
617,1E6RcWTbin49ZZsDYXezXntZRLqgZ5U7xw,instapayment,6378721980112538
618,1MQvWY8W9gxFBYDzK8uaTYMcv33DfczcQv,diners-club-us-ca,5403749531796054
619,12UxY2i33hqpiNoQoyqQrFAt7PDZHTZ89t,switch,490571592501151870
620,17qyaMJGWtm3uFESFipTb86D9mJUpwfXbK,maestro,6762706329710798389
621,1MdkbruxnQR61UYstTpKsoqP3fUziVQwei,switch,6759118450109830
622,1PvntWgwW8Aa4qFwtP77uE2WbmSCceP1te,visa-electron,4405634977473759
623,1QD2wXZXTRQ8TYy1unLWvWWeWHU3E9A8zr,diners-club-us-ca,5526335174784987
624,1ErJAs8BNrcHCS1VQmFYTAj5JvFLrGbQbv,mastercard,5010121072750798
625,1MoVidPEa3Q2UsFswxp7r2FdQAQkki7KcH,maestro,630438227076359954
626,1B2QvZFEDyhSnibgEg9L54ZfMg2iLsXrBz,jcb,3540507082096079
627,1HBMpsqrFAcMedVt1kUwzvxjtVcExbiAdV,mastercard,5503684042149817
628,14EWQTXkWhfiQKkKn5JuD5h3EqzLatXbsQ,jcb,3546039986140658
629,1DNCcySGyuGKc1pMyjpEdjr7NALeGwozVA,maestro,6763777982181395
630,1FS7WiKKrA5Rs8izvs868UJRb4yPvbqAxZ,diners-club-us-ca,5597871293294502
631,1NqikYVXqDuAeaZ8EvnW9wodJKWMrt7Ln6,maestro,6304276398929196
632,15hV3K24c28VkLdczcy4fjJJahFr8iT4Qr,maestro,67612521744773262
633,14DgJoUHdwYThftw7gByCKysVb5vTWYqGD,jcb,3549854816704169
634,147CEhYmgQ8pjxwdGiGjNveB4SECFACash,jcb,3568536835920159
635,1EtoEBAztx1EJJEKiUjwenrnNV3xrS2szc,mastercard,5233418094470525
636,17BR4qkxYyCU76zkRvHgPoW6QL1iyHuWst,jcb,3589059751818898
637,19ZmNJgycRSvRZMDUtPXaEwookCfiXkLWs,jcb,3579427008029183
638,1CDaQQc4dMxCNTiuebebSb6k6vfznWENHS,visa-electron,4917863733661552
639,1PGCTtaVxNd6HkEjAKdue1m7bAUUN63Lmn,switch,4903958196866932
640,194XWZjCmKJA1btKBz3PNZfcfNcL1yE1Av,jcb,3583820583403563
641,1A21EsLsRtw232Gd6fd7MMMQCsJmQvfGaX,jcb,3565670001890871
642,18hqi3b7tFXvUvXkjTuc8boW9bJ2yhkiFf,mastercard,5048372190321030
643,1BqmYwtSwbG8qWUJyqn8TQPB4pWXAx3jMa,jcb,3560127148921304
644,1HU4nGuvCF5o1xeNTbwHnLQvqBwoTpFRir,jcb,3549810662781388
645,1Hg7zZyPFAT4QArwsHMTRwyH74xiENtjBF,solo,6334236281492557748
646,1F4dobdn7s7FauayzfP4jDqp6KDR91yGNU,instapayment,6386071744867278
647,1QAX4WaaKNa5Gd8P7AGrpS7NpHW1NvL2Yc,jcb,3563415073087432
648,1DF9C9umP2XMRhM5zZEMJpp8VoT2DPCBBH,jcb,3565177037926851
649,1JQm2ZRq3q6JmFxGS3QTy9T9HG9j7n4MEt,mastercard,5316021963437128
650,1GSUa9r1m3SyGtcKnWbCuYqqmR6BzkL1uh,maestro,676227115410456669
651,19yd6fd9Up9k7gnZQh8iGLtUZ1o37nS56y,maestro,6304357118735624
652,1MTYGEe9J12d2G3mDFd7Gf3Ydpx4mqg6mk,americanexpress,344978729030595
653,1GnHaQrWfUfN3um9viZDUQACMWn2vCWGM9,diners-club-international,36381111995298
654,1EJN8qfp4JCQAGTk7BxAB4bQFCwx7hFN8K,americanexpress,374283912714169
655,1QBe8FYePqexn3FUgFGnBLPCEdBfX7wWih,jcb,3585228200667321
656,1PUPePBi6wUMGZomfTqcXojjwYQk7Ha2cu,mastercard,5100144675124048
657,1HuYebVF74z1oasbn1rtrW27BwtQz2H613,bankcard,5610222966022189
658,1C8sEQbZzpLH3tgNMPTLNFF3eWoS5qzAa7,mastercard,5007668734878586
659,19K5EBUvFuG2zN7b32SLx65kGfWV3mEjKv,china-unionpay,56104079253191556
660,16dRodZRcY652rVj1aaUdG9eiwzA89VNVn,americanexpress,372301550756763
661,1KhzkCnhqincx6zsgGKEXwpoxsQZr1gaFU,laser,630410136873330880
662,1FnkvgaBnP2jvvNAsdvoAuLGLiLMbuozru,jcb,3566239665988337
663,19uwqMDErQW5xuDkY2ZYUEJ8ByZWnc9LMB,switch,633110268184947727
664,1Lfosfc7LMXSpCHVq2dQFmFXTQnkCBmwMy,jcb,3581450285761696
665,12SF66BTEEAYca9V2JFcty3WmsSksTTsSN,jcb,3587306946862758
666,13KaAaCgV9KAdJhz6AG2H5Z8pWsGBhdkvj,solo,6767346795661393
667,1HYx6FYJxD4KzVLEPPrRA9cKTZSzNTDUKA,jcb,3536365509256354
668,1K3D2YfrgNbEefG5TuoLDzrviX2Jd5bvxt,jcb,3531636724131993
669,18vCY6g1BwKMfXeCA6fmCHDerqoH9PNnhM,visa,4318711252587
670,13LRyg1cE72zAmWbQ2oaGDfoAPhmEYdnZz,china-unionpay,56022188803056505
671,13FjKnzRAQov8R1PQrSy2atscfperArSF8,mastercard,5282622836219955
672,1AJ5mmqBrWVg5T5X5hzN8pbpBWxnPN1aeN,jcb,3539436201042454
673,17RmpUKJVAcQjQeC1QV6mqpJXHNMFjw1DR,switch,4911759721945857496
674,14nUkeTanvjoPPXiivkUDNnMmz6TGJBD7P,jcb,3582055892717947
675,14hLjYWs5ynw7LFWkmdiHPy4otjgmSLEjx,maestro,502007400488679044
676,1CKbFYxPCGnRw9HGSUqKpwivHwGAg1sQoK,jcb,3570483833169115
677,1FpjnevwZdJBR357bePYfoDzYM8J4oiihc,diners-club-carte-blanche,30493644648744
678,1LQ8kC2BZPanL4UtsEc6RjQrYsALRhGbhg,jcb,3560387610527571
679,114qRo3wxvigJMdhJSzah8T4JUpscNTrWP,bankcard,5602251534175047
680,1AAHYNQK2vH2gU3ro3FpHmJ51mhvBW1cio,mastercard,5108753833658465
681,1JrLw7dWwqqeg9B2mnrCEu4ZZb4D8hMdkx,maestro,0604056488794498
682,1B3oGscs7stAEgXPgCZTtPTpzsWgFT8qiM,jcb,3549394108450940
683,15UoxwRoVv5N1SgHgy9AuhdLmm778ZNn7s,jcb,3545429073160936
684,12xzKuZK9JFA8pLR9Fsj3AF4ywCGrPJCuA,mastercard,5363935276936611
685,1L2rSgXWNmvEF49PEQfvXgKLYpRq1zxnrR,jcb,3580842527199472
686,1HjvQwSbjYaZSqrzrJXCQww2jS1iwFDTBN,mastercard,5100137085294625
687,1Ffh1a5zNUDc1SBX7MPMupjjtBXMtUsgx2,maestro,675935722694764257
688,1A4SeUnUpxohG7vnAW46nfQpQQCVqJA3dU,visa,4041590496637177
689,1A8Pu8dfT1Bm58bEbBZbFVLhTHCaV3x9qT,switch,633334088425498508
690,1M1AEbbiQoPE1k3Udnr9THxigXJj3sutKZ,china-unionpay,56022390178636925
691,1BMrJy7Ac4pAyq8ciBFfGhATAgcHXaPb6P,jcb,3559580753646579
692,14w5yTQP9jzh3Q4e8SVpNrht6LKwP2Q5XG,jcb,3559201610885892
693,189pJJEiC2kTQMVvMXhy4uxYYZr9FiT8z5,jcb,3532525024339928
694,1MsDcVdDwWVra51uzCZzF2L1YN8ubuj48S,maestro,50381131770687322
695,1M22P3YhvAbiQzaSouv8TxhqRXjwsaCjfT,jcb,3582405411390330
696,1NeP81XSm8jnnLB8taqqLmmK3DHFXibAyo,bankcard,5602255675048988
697,15uANN3i1ajP8U7MkWaDaagV2DTPR5K1yT,mastercard,5419615298609420
698,1CagsiNscUzmJ7AVFmpHYHxZE18WSxx7wC,diners-club-enroute,201421451023662
699,123QQwBh4F8rL7tgizhsEgwr7iGAKshjN7,china-unionpay,56022466426166061
700,1NH17mYRntwXEkeFGuA8FWKKL3E45VRgMZ,china-unionpay,5602250984658340120
701,1Jb4hNfMJy5g4hPtT8kQQ4bbhGdwTbnmjp,jcb,3564293555632838
702,1PJiSHx3TpbX2hyevc8169y79Q6ADfeGe9,americanexpress,372301962579977
703,1HrWWm3n9ydyUhpTJfDjKhP7tQ8bmXkN2S,jcb,3570761777439135
704,18KZdipSxbhCwuye5MQfKbAqD6x56UiQFr,jcb,3559032235579820
705,16hqcGxJ8ZpNVMFZ69LNJzecEVkRtCD1Zt,jcb,3548473771698356
706,1HHENRw3k9UaA8uVEKnT5dc46jaQcHwiLf,visa,4017950798140
707,1K3BFZGxTCg83YD5PYKNGaiDepRjnkHjZY,china-unionpay,560225768667361467
708,1753Z6kACBntdgBFetPE65UTHjRPVzDdv3,diners-club-enroute,201459509084781
709,1NVaYd8oLJfFsBLdf4CHFJiS98MBS6of99,jcb,3557314968999827
710,15K3xemqVikRGPGhvAE1XqcUrqFM9nsvSP,mastercard,5594081236786514
711,1HsSjH6FpNqbFRckMitfzzPMvXiKHDDL3p,jcb,3535346715015819
712,17shfp5Bn9rw7mrXbsaG1yRFwwf1aBQ7sS,solo,633428095697625525
713,18bJJiKXPLVYDRKmPurSajSZuQXePHJuPh,mastercard,5048375185336608
714,19kNuTqPe9qAfApghvfX28fMkrhHmxijr,jcb,3552701624586086
715,18ZXGHLNfV4KUmqcAC39Fa8R4ibPvkUtcD,jcb,3550492132529287
716,1KXhuuAp7LREYofqvwJT7gPivEpeRPbpH3,jcb,3540556410003810
717,15xtyAjqDP7b7UoACr3qwADG1wRDCPnraw,diners-club-carte-blanche,30044755628890
718,1FQDb5hEDrb3ho1YbwQMQdoijqHdTkiq9S,americanexpress,374622538923573
719,1Hr5nxKisSsYHEvaSMST9dooBzMn6f7NUq,diners-club-carte-blanche,30371944273894
720,1BVvjivSQEZWB2Uo3hQb64j2v7oKGCAUwP,maestro,6759398524074899810
721,1KnnTGTxHNLXFSrXGuPFUTP7iQ8rGL5R1y,jcb,3553560201457361
722,198CteVDukSgRNCRG6F1sDk8tah3SX1ADs,diners-club-carte-blanche,30567041568017
723,1EP1QhAJdZEKDfRWqzhWmGKiTpKKF38W6J,jcb,3586751410242733
724,15zKwq12NHpbpUxnkwTcZsEZeijVoxLkro,laser,630445034215203890
725,1Cwu7m8UYvJG5dSpfV12wzgh4ghdqTHf5y,jcb,3587329127441986
726,13LecqUHZxxptc47RXRDcvhDgQHwxqTKVV,solo,676776283715110822
727,14Qur3sYV5L88thsfoKfjTFwaiKpkiXFCy,jcb,3569270660668605
728,1EH7KUiZupkRu7mjKsi8cFBVFME6n8ovQ7,china-unionpay,5602249784874660671
729,135KDRJzSWM6AXJ6bL1giiyAFoyEYNaWJH,switch,5641826836782203579
730,12hp3ikv7e1WtJmWGQTcP7SwyPXwmywPd8,jcb,3533195126834371
731,14JusCVfbHYumxm4LoMBXprjyiLrAHoQ2r,jcb,3586965454298357
732,1HAr29UZp3Ex4RGi9duw9HGN4hiqcusSVU,mastercard,5549590256467058
733,1MJkvsA6ebFvXFasuJxZvfKNBReLTsA3Kr,jcb,3584242412547438
734,156XRoNYH7JLa6DFYmYEAKLRrSK3Q1yZEr,jcb,3541866600363869
735,15NUoiw6pdvg8JdyCVcAhy88FyxtuAsEPD,switch,4903518107256944371
736,13WoGzmQ5VkNNuhV1oSob37DZvNRLRinRQ,americanexpress,346515028228112
737,1BoCFFtkKPUtSCNr3cQBHYY36o3kjXrcov,maestro,0604362353981907706
738,1S4xW1jtxHWxQxTT4w2mtVtzJphNTpVzS,maestro,589355676384618435
739,15gzxwd3xeDVzxX1zKgpEZzwQMEsmzLyy9,visa-electron,4913428907040035
740,189eos8tG9L34kUgyHgVb8CjHG8qgSRhF7,jcb,3584926572164469
741,1ByD7r8MCxhuxtKWhKn6cyyJ5UhXy32gh4,jcb,3553421415446932
742,1AYzykz8Ji4o4LcsNcAZcc4Pvt7J2T2Y4,china-unionpay,5602216326267484
743,1KtVGoend4R6nRvbbDNK1G8RH9ZgFkpupY,jcb,3572123360054789
744,1KiFyKXjCHwggKx7NNzkUiW6KSY8nSMND9,jcb,3575002459550484
745,18kBBeFz6buHiM6paq5aQC8M11bNx6hggf,jcb,3544694270181420
746,1GzzvVk178ZJqSFS3KSpFQr3fu8zWGfv2s,china-unionpay,56022456976213934
747,1LLfJ4qnfPH9k8scqo13NZucjFt9pksHiH,maestro,502012804394256180
748,1216Zqmg7iigqVaBNC4PJBhthw4JhVYn7X,visa-electron,4405915577187638
749,17qnQP62quZFAzU7QXFpHjMugPcFyoMXHm,bankcard,5602246403084288
750,1Ca4N8qCiQ8Hfdd5XX4omyx125dNQobqmB,maestro,58935386358886456
751,16pUgN3CTqFCLB2pmBSUjoxyZEreQu4AvB,jcb,3545166436011733
752,1AedzUdGizAuYC33hZizUkJ11KRJ3fCudL,jcb,3566135335153734
753,1MB4yKG6SA71GdjA9q7fKjCsBYyYEbtpEM,mastercard,5100138143772768
754,177tNp8KebF16BgqMkkic5GsQ6YK5QA5V9,jcb,3529085209113411
755,13MLLGGZBp6y24hg13bFA8org9qwwup2fK,americanexpress,337941563013399
756,1HQGg1QcGXhfTVw6GW8LUAFpcEcNjL9W4e,maestro,6762584587709088
757,1FcBAEXKKdm7tz1Q3DQUV4j2XAX59Zejyq,switch,4903880607818825
758,1QAsPeVqCtkB9SoWWbh7myvF4rizxwE2zv,instapayment,6378994521626601
759,1L38TW8HVufLctQEQXmemEGCzCMg7RhHE2,jcb,3540473705030831
760,1PapZUVtXEaqD14JtSUhhZcPWR61aNK9kS,jcb,3570972152413732
761,1M8MetsFgY6bSsBxnREDaZFNnhq8MV3oxL,jcb,3571167528072267
762,1BG8gJ4bUv91p1YNeFA3YUJANPbLDtkonP,jcb,3575861054525963
763,167Cn2stDCPwLKGnSYdPQEqv7nDxEp9q9h,jcb,3554625028098018
764,19yms2ohctUMuSo5asd9MtgqBMvi7eqnTg,diners-club-enroute,201981382562955
765,1EjYyKVtq45mrU6yyefUhxZidWqQ1tUwRt,americanexpress,374288122084816
766,1MMDugKsUTFEyrTGnoUQrcFCHARHkggVAw,diners-club-enroute,201497716172825
767,1MqobnBpzLaQB4qyELjzsiyPQSnym7EVBk,diners-club-carte-blanche,30087531137561
768,17vtJn11xdi4dM9d1vB6GwNGUBJfvi8c8K,jcb,3544393903055792
769,19UUD6jNhWFYK9BhBhFLVnJMpQFkUfmFpi,maestro,5020879119465286
770,13FQd1VoHYJ98CL2yy8dmDnyTvTkzK9Ayt,jcb,3569721717585671
771,14MB6avvkE8sqbonEzUxQzBC79ALuej9Ja,diners-club-us-ca,5430792632610011
772,1NiCudpvYkHmVfMd9EWwcWAxVY2XR99XfW,jcb,3585303146665604
773,1EzpH67bkHgorfCR7xVyEJey8rBJexPuMn,jcb,3541676759386789
774,1Myco7rqZBPkR5XdyfqkPot9aPPvJvFZS9,switch,491190688290327298
775,15NE8EoZHQcxDSSVG7mUpTw375WPiUZj3o,jcb,3562646127099988
776,121Wkzotyv6F3pfXj7hxsFqzbXws3v11im,jcb,3553593581703468
777,1PSJzDoQywpTrBqruDXkaTSe1SXj9DHbdP,diners-club-carte-blanche,30163031085863
778,1932xgYjuSLvya7TkcAqWQFRgLAex241jf,maestro,0604603626751854
779,1CkiBAeU5TB7UuvZ4W1PktrbQqwA5ee3tg,china-unionpay,56108202333419237
780,18Se9C3hQTJwsoNdD3eFRpa5v2NAhg4CyQ,china-unionpay,5602235936793740820
781,16kmMSiv2d6K4VEat2VN1ifv3JhotXKMK6,jcb,3554759803507651
782,1FLv2PmWVy4T2ghWG84xGcVienVTxidxgu,diners-club-carte-blanche,30435958694491
783,17J8m3NKKkcKpwEc8YnCWVPiHKKxQtfCvy,diners-club-enroute,201499843649782
784,1PiDCAn9rhDc5bjR3cibtEpRCD578MNZ6L,diners-club-enroute,201527369612683
785,12N2XC2Mxzu6eLd2CTQkS8NKtdYTXvr2kS,switch,6331104008447394538
786,19jJmyjW3ZQ9WMWpxTJWykyYjEP6iZrN1P,maestro,50186151151133149
787,1DCKQok3CdUcaQYzhWhFg8XQz2sCqMvAL9,visa-electron,4508085503407058
788,16DZD1xnSSbwAm1mbLYJSp56d7Z1TEofZD,maestro,67639182282802309
789,18DAuyMigB9tTNp6ancGnfRYTdCqXkVnfB,maestro,630433601479011732
790,12VcKXCq4DoqEKkMCUB4kA7GWU3And2iZY,mastercard,5007669970280677
791,18bjcmzEEeMkKBw9jw47h6Cjzypxu3Hcyy,diners-club-enroute,201854031647818
792,1BbZDLmxnxeSXfHa25awrkrQxHaHX81iZK,diners-club-carte-blanche,30228647562017
793,1BGWsGBaFDE7sv3XpK1aiekRYMWQLciEhL,jcb,3530004162927854
794,16ri277Sm6e7LxrBjry8dRjEVdKA3TZXQV,jcb,3535199284104195
795,1CqkUxD6Hx4cdXxGEPkLr7crW6LqDPB9Wa,solo,6334188085693308647
796,1Ns5y2a19kwtLSZ3xKQ4oNMcTEnyjm7CCZ,jcb,3583544001949441
797,188Nhxj2sk8Vt5DzjCDWr1niZA7HbFqo8E,jcb,3544933923661341
798,15tgDNJrxLs78sVijcBeCriRURp24JDqB9,jcb,3588659994566328
799,1LZmBmBHxNQbqmtxHzjzooAPpisZFC1VyN,bankcard,5602218150839578
800,13MZmZDCKKsY6pLohffWNTpBXiTw3L1Ffw,jcb,3548640664590854
801,1L3AkTwhWKYVfCqS3Zxs2ADmPj7hnXwQsN,visa,4093475465606
802,1Fwfgyv8AnqvVqkKu1gSeWzffTpRnW6ePu,jcb,3556485225443170
803,1Croxyx7soHCoDY5Q1ta5Wq9CuY7tK4aGV,mastercard,5100176099035483
804,18qhssDzxsLSLWC4hTMvN7qvKVT4izFAV4,diners-club-carte-blanche,30391387978676
805,1KJNtYtRaz86Z6NpeyJtRt8AkY9E5NaKSY,jcb,3546568659426846
806,1E9LSAd8PkrGCTuCdPbuXAQ4qQ3FDtUZeb,maestro,6759804497999966576
807,15oNZfVipuv2J63BZqLTqPSsJr475pZygQ,jcb,3574307669747932
808,1CtxxnaDs2vW5hqPw3KMyaWnCWjqyjLRh,switch,5641822515291236
809,1EXDsbTn1N8CpVTyygVDC1gi76k2rkn58B,jcb,3547143278018355
810,16XzVk4NAQanc3gvUn4LRqPqEoC5qM3eTo,diners-club-carte-blanche,30470104098032
811,1NuNzSUSU5crMwgcNKpbCb128sUs3ZD27e,bankcard,5602251163192180
812,1Mr6usqpuYeS431Vzycq8GpwuMCipdP3mw,jcb,3564767840482174
813,1CNfDr94CGfkzwUqZPK3PutoQs7YGPh1rb,jcb,3529551210744775
814,1G7CctwWQareR6xyhH5AgypPhAp31D5Cu1,maestro,6762389081683445
815,16XwH3tV3aKAjjuaPQamzjErAy2YqML3Dw,bankcard,5602217802893405
816,1LmvhVzTYzPET3TwXb7CcsycVBMHatKJTZ,jcb,3578244247818925
817,1KhgCMJnfrvamAFBUSSeFMQqKmSKw5YuwK,jcb,3583367995850718
818,1PjJw9yNRQjg1xhumHvHZ3juyZ4PfscKKR,diners-club-carte-blanche,30281515868008
819,1MwpctNQUzGoAW34weP7BFQyUkPUYnRFsv,jcb,3559533272776708
820,126maWEgKEFae9XdBbDMiNL1m2i82fDe2a,jcb,3568407090949905
821,19Aozi74PwD6Pk3p5K4A1nLtTieWtJqHVQ,jcb,3554641008844222
822,1FCGqyNUQDb8ciWH58iWDr1u7TwwL6phEN,switch,491119244050855090
823,1Q4aa17cyh3SU8dj1oR2yP8CMcBvw8bMe4,jcb,3586523463449196
824,19a293STkNwW8WKDetBoPYvLGJMBib9x85,jcb,3562098767405499
825,12jLVVjW8Ej1uiR7VQACzXkhuCCMMR2GhT,jcb,3547252625898987
826,1LxVWVPs2eQX25ZiJUkHSajkisdqZc5UET,jcb,3584418550078978
827,15jqYm1Kh7fCDehg59UAR1JTRiyhxQur8r,solo,6767075648129957
828,1AfaME68EXxq7AvJjLDEX4BQ812rDaPMVD,diners-club-international,36730482864097
829,1AbH1sHaix3ttYWXfayKkscWQw7LBiB9NN,maestro,58934742909403681
830,14VSMC5JWhvPXAisGR9KyM8Y6Bv3X9B3KN,americanexpress,370480500241431
831,17R75ihcymZdVEZoMdgaoqk7JMa5oH7s4p,jcb,3551281923507076
832,17n3KKM8Qfi8nLaiZrn2BKMC8HdDmk3pQh,jcb,3548022933643865
833,17CSZdYrvAqA7rGH2Dsc9KXK4yDQkVjftK,jcb,3563466538708492
834,17f3kcTTqnkesNfJwgEW3SBofsJ9Mwpram,bankcard,5602238569541235
835,144YX8bAoH3rmQ76Ko7zsPEe81RouvhJrF,solo,6767971212248756623
836,1C5GzhWKFxVuWt7LkuPc1RnkA5efqm6KAv,jcb,3579757750491342
837,1E7ZJuTeuSG8Sj4ocNWMymJLERfD1qDYA7,jcb,3528974329891298
838,14mzepemj7NYVXRYRZHZLQ1Qi7bfk4xnH7,china-unionpay,56109380212191611
839,1HZAvQ3rd7HBpDJWnpdx3mZqqu2sRK1Uiq,jcb,3545339032209858
840,1JuejZkBQXacmQcbcNfGDgXLdgiwRAbNwj,solo,6334807925677561599
841,1EqfP1asrix9CkDc8joxV9awZJkngkAjTi,jcb,3573722236764452
842,18TQeLP5uP2hbU1hXeAtU8ZGuo54SeYhq7,maestro,58939960917443151
843,17JoWkJZ4UVVtFQ5RDgrqYaqDuRWZb2yi,jcb,3547684478171270
844,1AdEXPDq3d6bRumaH8xGj7ANLuEf1EEf2g,maestro,676311139215603736
845,18UeESWffKqdqg23yfZfZcYAkPVT6cmuD6,laser,6706680305269998
846,1MK7D3WsDudQ8nertgaDcESyWgGK8QdmbA,jcb,3532217643305965
847,1NLS4U1T7NfoYYdxBiQ68QAneNavUxpF8f,jcb,3538197356736131
848,1CMFYs2K4EyHecdw7Z3oT6a56iVaKG1bM5,visa,4017952851635164
849,1GTuNL5Skt7jYNUeyTDG1ku6MX4xN3gFVe,jcb,3559090692977903
850,1PE4hkELz1jMrPiMbxEN4FHVPAkcNJNiD6,mastercard,5010121476839528
851,18DSveKjo7ZDe1mrEmqsHRLKVGqnXSTnat,jcb,3558472045760114
852,1Q8BNFsZWVaBEexNeLeX9nyLzJ8sQw44yt,maestro,6304852164177176
853,1AsBws23fTJ2LQueshu9t3AX3g16LVMZ2e,jcb,3546126549063095
854,18kxkSkvGnSHDsDuYFKEjKmXs2FdviCi4T,laser,67710461438500765
855,14Wvp4UWZquMTWkEf3sK1EGyELbk8bygqB,maestro,676208474278139112
856,139tNhHwUPu3YUYagXCHeN4Ay6Kuaa3Rti,solo,633477247501761968
857,1J9EWwokCSJs5sTy2AHiq36LoS7Hya4h8q,americanexpress,337941428664089
858,1CBbZB8sPG3u1DdhPsaePdUBE4E19a8f2D,diners-club-enroute,201543762155717
859,15wWfDp4nTcudXDkwpyXj6UjnGvQqyn1oQ,jcb,3559872151483964
860,1Gb6X5mS5F67CCTXeaJUXxPs93yZAvU4c7,jcb,3565005428385306
861,134jDhug2Asd51KHvmVe59DfBPQdxaX1Fc,solo,676752564618727343
862,1GcWp25A1odq7XCoG6HyiCJ2UYDREWrgVP,solo,633433757079878302
863,1PM5YWsi8SX83RzAswDt9bjpazvH8qsqr,diners-club-carte-blanche,30076849095520
864,13B25YDx2MSG2sUietvwkxzpov4XpDjqwC,jcb,3534782266209776
865,1A6YFXYvz7MEhxMB1BaPSubXk1wXqjJTX7,jcb,3531779442294014
866,1YKx8cJXxHCAnALsU8pkLfXmPV1JyRmH1,maestro,67621212327853965
867,1PQmjKtjFEbCyvZu6BNQaZfkHd2msysMVq,switch,493649389643299697
868,1HgqfnGXM2ePTYowr6K2zPqsYScQk6b3p5,jcb,3559500278505423
869,1M22BqNLKAwPYuTGPFT7b6MUYRwbHSsmFk,jcb,3540640463502892
870,14bFq6StGmNE3iJ7JPkHCxp3Uhxs83J6vD,diners-club-international,36163628916136
871,1Pr9LcynGzfp7B6BAMhrx5rkXLekhYoTP7,visa,4017950647248
872,1AgUcZ9RAkVmSKCV8wFFfj2afyii8tSKgW,jcb,3583355418351950
873,1N75fjtmFdQJmMpacg4oUdt7cWYJXpdKD1,china-unionpay,5602240167509607193
874,1M75YPgDXKPq1eFrF7AsWPDTZBcLHpMoTn,maestro,5893478595759866143
875,1LJcGdFpru438t1AdaLDboAWfGRwYX45sX,jcb,3565772664978256
876,1MWLqS1JDVf2FjA9YWGxQAE9xZaFLLQug4,jcb,3550708424195606
877,1JkCfCofsaQDVddBjT1ZRqSRjvjm56NAxo,jcb,3587839453807006
878,1DNQEQsp2fqVksBiXxNWSrtsDeaVsyhurW,switch,493665119582179488
879,18dU6a1ThA9pD8BWm1aNKkVdU8ioa2RUeR,china-unionpay,56022542991963353
880,1PVhfXNPj46nALRxfmTdMJc6HXkvSvNjJC,jcb,3560922627323703
881,16y7pXoKxg3WrBumhLPq3JoTjhCNtCgEMq,solo,6767503897339639
882,1M6HXkkn2ZHLifuTssaoMniQ7PrMPysB5q,switch,6759201517918813
883,1KMQAfTVC4riB9rStWMhmSQZ5gcrRGEV6h,jcb,3585968343961509
884,1URy1ge28ip5iFKcUbABK5iseq6wJjx33,visa,4017956238215194
885,17YPvxd4KL363udpMAYb2Nf3e5fUyRHHKQ,americanexpress,372301203182466
886,1Bosd8gENvzUjMVvt5j5RXyxe3DXozcoxR,mastercard,5423924193398822
887,12nGiGN18sZ5n7mfrFtms1jyeocr8j4R98,jcb,3562050997417166
888,166w3Z5r3qn6kgDUQzNvnDPUN2NeugEshL,jcb,3545180313628923
889,1PWVJEZ2xmnt2RamUerQZZEYaax5GboTV,switch,633110697704636883
890,143qN2M5ejXbE8PdNLgC2Axqj3iu1KinsA,visa-electron,4175000917708746
891,164LT1Y21cPaVPPr5Z5r1NSbQxAVtTWuYS,mastercard,5010127143203683
892,12xR5KCM9b5okiunRbA72pyU8eYGwA3Gbh,jcb,3571600285336913
893,15BGffECKavHn4cyHe15jSpyriejADgY2n,mastercard,5108759969002634
894,1HTBF19dSGssNoC8VWcv3BWbBpi7jYvEZd,switch,493618734190766811
895,1JbQUNWENAtmGNBxeSaxzZ9VgowBfiH9P5,jcb,3564230732945121
896,1BmatTtLLzYYMbvrSEbVqPv8JEBRgoCq6k,jcb,3534564421667464
897,1NEZPJHqh2CMWriJQ9wgkia2sW5SbVLjNh,switch,633301039542724812
898,1EoiBgChNmGznW19xo82t7Zt15sGQr8VJ,jcb,3548045552342303
899,1HGa3UQjn2Vg2saVzXGWvpfvEL9xdRrkQL,maestro,630473948740725827
900,1B3d7oLh3JaHnB8UbtYUwM4Le6BdYFSEPJ,jcb,3532821891846354
901,1K6TFdq7TnDfXbS7Mc6EtiC7s5q1j3uJjp,mastercard,5219572136809922
902,1CWrUdHALvUQWScyDxVKiLribouWBSy1Vf,bankcard,5602232152753398
903,1BqpGMjzBo2nGLypZZ2ndxtAVGZgWaH59M,jcb,3544032850247354
904,1DPayYh1yvjvDJCYRWymtGSgCk2iqNNs1j,mastercard,5569181321147704
905,1Mj15H6MYQDzbd2RdoRnm4Payx6R1fSZFS,jcb,3547665438059705
906,1Ns7UM2E24rawS7cEwbFKxijQt8sh1nHkE,diners-club-international,36518042830330
907,1CKZnZnB7TWLmgkoePP9KxRvTcs8pQ9dgk,jcb,3535990142998533
908,12CqTc33NUhxV3Fsbszp8Jjfw7UGwAYPqj,bankcard,5602248971202607
909,1KARAwTd5zSm56ESgJ3BFoBxYCEBYDDc4Q,visa-electron,4913583501941705
910,15Bowgs1P3hPwXvhfLCQEftuDmXG5Rfz71,visa-electron,4917807039960176
911,1DWiKW3UUH27N2wEKobcQRqCzxLByb8jN2,jcb,3544863058389246
912,1DSwvjUyRCpoMMozYGfoiVJk4WmVnZL21j,visa-electron,4508390479904553
913,12y2YoSgmL6tUWVk3aBrfkALd7gSYSm7VM,switch,633110721766155135
914,16FJCTiriaZCgyfnWCiJnua1Bka3aBjgrt,jcb,3562259443111295
915,12Ce4CHLVmKoFw82YYCvJeGs4TFAsifzAK,jcb,3581806661176520
916,12u5FCRjiuZsbsEz1QjoTwejU2BGa3A49M,mastercard,5445742449280808
917,1Sgdu2WxfuuJnvjby2vvof1rNKUuVR3Ai,bankcard,5602259354591631
918,1LJVFbGuDxf6gJPuQCRUop59p8eoaYsRYq,jcb,3553845219095968
919,1MhVF8riyiUKsoWVaVVg7DQwEcwhe4Kmnq,jcb,3559991881792047
920,1Eic9gaXDRNd5v7D98k59eruzQ87gh7Fdd,jcb,3578281953545359
921,15iv7g86YxtvK5Zjsk6hgugS53xRxj7eeo,maestro,5893602904423650207
922,1LZZbMUfUZDvziuKS7o3AEtTqcy8W61TfD,maestro,5893922032061080876
923,1ExUdqfr93EpdJBWiyp3GESWhXAET7BqYZ,jcb,3540780309311163
924,1GxYQAdNCqqnxJckfxnMapSaXrD7ktkHFv,diners-club-enroute,201838717478796
925,1JNBGF4aJAgZcCDqXtF3Z54iRpys4w6e6a,americanexpress,337941145660659
926,12H4C4Bv17oQWgWM2nbqvEFAN2uc2aT8mD,maestro,676125683920299518
927,148uag2u9WFrp1GpEPfzEUwVBC4Ptau9EZ,instapayment,6386494429670066
928,16J36sqG4rFfabKcwBoxApRuEQUT3T9JPg,china-unionpay,560221279598963318
929,1Po4KFNbYR7x2p7jpoX6TXdC7dpf3saKxQ,jcb,3556388876862344
930,1MeA5ajseDmKZhHHBmfGyQ8nVnmeXdXWyr,visa,4041378222665
931,1Govn1fcptgzQqYt9b6pVdy5QoGGbAkBj4,jcb,3547512525534499
932,1P4V1VNkhUqMSoACRcrLNZdQcmam9uMc4d,maestro,6762800576941299182
933,1Ha85jCpxWqJBwhKUWMgSs1KNcctYQAq1E,jcb,3552277720870104
934,1Kd4E3KALxe6oLiqxmSQkdr1LznC1KP3PY,jcb,3587279722755209
935,1CCAMXhKwizBVTHqFRFxNMWKtGKU7t9puj,americanexpress,374288864727358
936,12sKwbCJdoFRKRekKjt85J2gPGP3m7t1DA,jcb,3565613136905800
937,1BZabLbSy6AvENmSCWAUH26xUJ83Pzsyos,instapayment,6388745194111448
938,162t1jWV6SPf8Qx4RmVrRkkvgEfUNx1RoD,jcb,3571456171962340
939,1EA9YeQP2RhMYQ2AQG7JsK5EsNWq8JiBkW,mastercard,5108754282156795
940,17KTcFQBYpC4uJeNMrgRKwDnuAPv5WqGdA,americanexpress,373754836959628
941,1CGNVTeELLKvF64v7576nSpB99A4ttvwCb,maestro,6763355143934347093
942,1JK5tVtebu1Dd2gAXcTaS1UCB5BMGijuqa,jcb,3544422454592257
943,18CF88Pq499mvdcRp91C34EUPEXwqyKH3A,bankcard,5602249057874327
944,14TE2Z5xokBiZ5DRPFyK7V7WKfePkk7rK6,jcb,3557742246312258
945,1P4cvLASP6ewR6hZLU8312QCSJvnfKY99V,mastercard,5010123512576296
946,1CBDC8QNnCSNTaaUH9ozYbSp8YErEWmm3f,jcb,3561124841600953
947,1BJQYwAftZ3UJJpRAERDCcgAkrUZNH6D7g,visa-electron,4508381654573412
948,1GDsec8BobV1qMGXy4CwUTs2KBzZsfDNdj,diners-club-enroute,201820610705392
949,1GvDhbSboNHJhUF9k24L6EwhHFcan4QQvk,jcb,3538541818833632
950,1CcCWd5wjsWpKEP7PVSGZyszbUq3sa2TPa,jcb,3538744382090825
951,1DQNCs4vRjny8tM7zF1WuCnTCRZXQfrUjW,mastercard,5100179479577074
952,18xzobimRTpaiVjfBajSGaG7JpZeGjzfug,mastercard,5393466986252937
953,183eANdjsHTvUCdrTZRW4fMJhjYAruzkpR,diners-club-us-ca,5450336496893944
954,1MQGXo6xCKnPkRfTyjUyrQ2b4DtxxgoKyG,jcb,3581603695822926
955,1L2wXK4q27CWMfUzyh5q4yWiMyd5vK2sob,jcb,3578511989720059
956,1KcFNoMbMwt4VNZqQUQALbG5ojzb5a2DK3,jcb,3567199419127765
957,19s617VbMzLNfmgL4R6jJn6Fm6WVUCrEUr,jcb,3543349682769194
958,1PgsxFBeCRnq4oL7g36Ce4ZGFkBGi1u1pm,switch,490565265576464621
959,1FGFHdLiLmgfCLgyrQyf4HWjv8rvCp512r,jcb,3536348504565664
960,1GwNW7YLHySAhfS8xiTqrUkjTGj4XxFzST,bankcard,5602239984240759
961,12H4rzx5B9o12LZkLae6oaCq5ZH9XfUuXN,diners-club-carte-blanche,30596390880012
962,1ENo7ZXjdLCVmAAV7Y2kAh7e3oC2BSC9XP,diners-club-carte-blanche,30188434492333
963,13VxLFHy7RTbapWRW8vMearFNxiqQeHLWS,maestro,06045983160540788
964,1HWtSdZgMPTEdzHTAhmnAcFHf3MTasz7zE,diners-club-carte-blanche,30026161577720
965,1EZ1nM6dwGCyKK1zhPNpJ4yn3GtHp3CsfS,jcb,3531933081118055
966,18Mxz7iRKxcGqUyYprSWBEHPpRc5HPdAKa,bankcard,5602248434421125
967,1MT9qULXRtk49Cqq1gKu7HBfC97DsD5eU7,jcb,3560106313877947
968,1JBzJTcYvdpBffUGA6QwWjovbyeowQY8s4,mastercard,5002358557061198
969,1EKzMKLtnQBBmDiLkYHTcFo2gBsyWLsDNF,bankcard,5610681944803103
970,1DjtzrjPzobxXzHuNhqSwDVZ3rKkzV8izB,china-unionpay,5602252965741307
971,1FpcbzxPA86xXwQ5v4SKuBXNUzyqGjLmYL,jcb,3563729243340756
972,1HkNSAP8Jm58DBiboFDsv916XJCYsfLrdg,jcb,3569745097260837
973,11331aHa6fzA9jXwbcKNHj9rLM1462gvVk,mastercard,5503987118144871
974,1DtyuATUrHbDXqhqyyEnVTRXpK34HL2tY2,diners-club-us-ca,5597281389924014
975,1MhD3AjB3Sm3BuF5ZAuoWjmnw6zJMvvDQS,diners-club-enroute,201888144038689
976,1Q9AxHk98FXSJ4b4K3ae9VrEocFFRhGpH4,diners-club-carte-blanche,30257831963764
977,1N4HYBF8q2nGN9NCbf9wxXSxvM1PZ73VYN,diners-club-enroute,201634367615781
978,16eAbkMXGXwiDExozS9VrzHUGzjRNa9zJj,jcb,3575045808171080
979,1NZJx5dcKqawfgabZMEA5Z56gj32T4RJaC,bankcard,5602229817474261
980,1KSapdigsjFYG3QHH8Cp8vaZsptRZ6sC7Q,jcb,3583735230959629
981,19158kwDCddVMpQPUKdLz33yfks1cKbKPE,diners-club-carte-blanche,30506835821141
982,13sof9Vv3LefcMAKeSP1Wvb7kM4NvX5PEG,solo,633480337889545268
983,1F7GaeHmZSksiVP4Sfp7CLRMK6mmRK3Gz8,jcb,3556702925664552
984,1LCEj6JuVMjBt6wstfNCofLwWgsgm99NMZ,visa-electron,4026581346653851
985,19D6XnP16Hbjd4txr7biTivdH99m3Erxpe,switch,675981905149161574
986,12uTCx7fAqFb4A1LSG1XEB4Qcb3DENnR98,mastercard,5100136456898329
987,1PS8xdKZicRAjS7GKB2kaJNQFizwehR1GY,diners-club-carte-blanche,30124643157458
988,14HWxGsZ3nSctfvc7Y3DyGEt78jyuqRW97,maestro,5018498909679199586
989,18i8qC6iD8ayvuJQWkiArwuMQdkpePbEhV,solo,6767532022679239
990,175dyBHG9wxwLFtZ1LahYWx4Gq59RDFCd6,bankcard,5602213737268516
991,1LCDdwiu5fWoAVc2e2q2GfgRFr8YWQyMS6,mastercard,5540483811378722
992,12xroRe2GSXcwnfv4H8NNrVPyxL6KqNrK3,jcb,3532496035524140
993,1M7ZbkpnUW8Eu9dKR4aCwaLQGUYshkfSdw,jcb,3584821800504364
994,1KheLtxw824D4cj2pq2epoc1YY6H1tMBc8,switch,5641821201929618525
995,12BWotVsCE8KAa96WHEhzkKvGLr8Axgggv,diners-club-us-ca,5563903796991308
996,1DVbpgQBtf9ouzcCZoWmzLLXRXR56HMQva,jcb,3555115636578600
997,1J1R1KuqtDDc3kzZmMZHUwmWSkD75F2kLB,laser,6771101117617555
998,1N4uck7byHmYVF8i1ApaeZ5Zi5yu18a9C5,diners-club-carte-blanche,30419797035892
999,1NYgrHdoJ4sQzmyaaecNfDSfQHLioZR66u,jcb,3536866511430317
1000,1FETMkoaK8fXx36JDNHRyeGJNPkzPxQ2sL,maestro,50186491345064689
